;;;;;;;;;;;;;;;;;;x;;;;;;;;;;;;;;;;;;;;;;x;
concede_finland_title;Integrate Finland;;;;;;;;;;;;;x;;;;;;;;;;;;;;;;;;;;;;;;;;;
concede_finland_desc;Finland has been autonomous since the conclusion of the eastern conquests, but now with increased ease of administration we can finally reintegrate the duchy into Sweden proper.;;;;;;;;;;;;;x;;;;;;;;;;;;;;;;;;;;;;;;;;;
GC_NAME;The Northern Struggle;;;;;;;;;;;;;x;;;;;;;;;;;;;;;;;;;;;;;;;;;
GC_DESC;BLABLABLATESTING.;;;;;;;;;;;;;x;;;;;;;;;;;;;;;;;;;;;;;;;;;
zoroastrian_country;Zoroastrian Religion;;;;;;;;;;;;;;;;;;;;;;;;;;;;;;;;;;;;;;;;"	"
zoroastrian;Mazdayasna;;;;;;;;;;;;;;;;;;;;;;;;;;;;;;;;;;;;;;;;
manichaeism_country;Manichaeism Religion;;;;;;;;;;;;;;;;;;;;;;;;;;;;;;;;;;;;;;;;"	"
manichaeism;Manichaeism;;;;;;;;;;;;;;;;;;;;;;;;;;;;;;;;;;;;;;;;
nestorian_country;Syro-Oriental Religion;;;;;;;;;;;;;;;;;;;;;;;;;;;;;;;;;;;;;;;;
punic_church_country;Indictian Religion;;;;;;;;;;;;;;;;;;;;;;;;;;;;;;;;;;;;;;;;
punic_church;Indictian Church;;;;;;;;;;;;;;;;;;;;;;;;;;;;;;;;;;;;;;;;
autonomous_dependency;Autonomous Dependency;;;;;;;;;;;;;;;;;;;;;;;;;;;;;;;;;;;;;;;;
autonomous_dependency_ruler;Governor;;;;;;;;;;;;;;;;;;;;;;;;;;;;;;;;;;;;;;;;
lotharingian_duchy;Lotharingian Duchy;;;;;;;;;;;;;;;;;;;;;;;;;;;;;;;;;;;;;;;;
lotharingian_duchy_ruler;Duke;;;;;;;;;;;;;;;;;;;;;;;;;;;;;;;;;;;;;;;;
orthodox;Eastern Catholic;;;;;;;;;;;;;;;;;;;;;;;;x;;;;;;;;;;;;;;;;
coptic;Oriental Orthodox;;;;;;;;;;;;;;;;;;;;;;;;x;;;;;;;;;;;;;;;;
syriac;Oriental Catholic;;;;;;;;;;;;;;;;;;;;;;;;x;;;;;;;;;;;;;;;;
nestorian;Syro-Oriental;;;;;;;;;;;;;;;;;;;;;;;;x;;;;;;;;;;;;;;;;
syriac_country;Oriental Catholic Country;;;;;;;;;;;;;;;;;;;;;;;;;;;;;;;;;;;;;;;;
french_bourbon;Absolute Monarchy;;;;;;;;;;;;;x;;;;;;;;;;;;;;;;;;;;;;;;;;;
;;;;;;x;;;;;;;;;;;;;;;;;;;;;;;;;;;;;;;;;;;
pontic_caucasian;Pontic Caucasian;;;;;;;;;;;;;;;;;;;;;;;;x;;;;;;;;;;;;;;;;
new_roman;Selbapunic;;;;;;;;;;;;;;;;;;;;;;;;x;;;;;;;;;;;;;;;;
british;Aenglisc;;;;;;;;;;;;x;;;;;;;;;;;;;;;;;;;;;;;;;;;;
laz;Laz;;;;;;;;;;;;x;;;;;;;;;;;;;;;;;;;;;;;;;;;;
megrelian;Megrelian;;;;;;;;;;;;x;;;;;;;;;;;;;;;;;;;;;;;;;;;;
svan;Svan;;;;;;;;;;;;x;;;;;;;;;;;;;;;;;;;;;;;;;;;;
abkhaz;Abkhaz;;;;;;;;;;;;x;;;;;;;;;;;;;;;;;;;;;;;;;;;;
abaza;Abaza;;;;;;;;;;;x;;;;;;;;;;;;;;;;;;;;;;;;;;;;;
ubykh;Ubykh;;;;;;;;;;;;x;;;;;;;;;;;;;;;;;;;;;;;;;;;;
circassian;Adyghe;;;;;;;;;;;;x;;;;;;;;;;;;;;;;;;;;;;;;;;;;
kabardian;Kabardian;;;;;;;;;;;;x;;;;;;;;;;;;;;;;;;;;;;;;;;;;
ingush;Ingush;;;;;;;;;;;;x;;;;;;;;;;;;;;;;;;;;;;;;;;;;
avar;Avar;;;;;;;;;;;;x;;;;;;;;;;;;;;;;;;;;;;;;;;;;
dargin;Dargin;;;;;;;;;;;;x;;;;;;;;;;;;;;;;;;;;;;;;;;;;
andi_didoic;Andi-Didoic;;;;;;;;;;;;x;;;;;;;;;;;;;;;;;;;;;;;;;;;;
lezgic;Lez;;;;;;;;;;;;x;;;;;;;;;;;;;;;;;;;;;;;;;;;;
chaharmahali;Chaharmahali;;;;;;;;;;;;;;;;;;;;;;;;x;;;;;;;;;;;;;;;;
tsezic;Tsezic;;;;;;;;;;;;;;;;;;;;;;;;x;;;;;;;;;;;;;;;;
andi;Andi;;;;;;;;;;;;;;;;;;;;;;;;x;;;;;;;;;;;;;;;;
khinalug;Khinalug;;;;;;;;;;;;;;;;;;;;;;;;x;;;;;;;;;;;;;;;;
budukh_kryts;Budukh-Kryts;;;;;;;;;;;;;;;;;;;;;;;;x;;;;;;;;;;;;;;;;
tat;Tat;;;;;;;;;;;;x;;;;;;;;;;;;;;;;;;;;;;;;;;;;
alvuanian;Alvuanian;;;;;;;;;;;;x;;;;;;;;;;;;;;;;;;;;;;;;;;;;
kivruli;Kivruli;;;;;;;;;;;;x;;;;;;;;;;;;;;;;;;;;;;;;;;;;
rutul;Rutul;;;;;;;;;;;;;;;;;;;;;;;;x;;;;;;;;;;;;;;;;
tsakhur;Tsakhur;;;;;;;;;;;;;;;;;;;;;;;;x;;;;;;;;;;;;;;;;
aghul;Aghul;;;;;;;;;;;;;;;;;;;;;;;;x;;;;;;;;;;;;;;;;
tabasaran;Tabasaran;;;;;;;;;;;;;;;;;;;;;;;;x;;;;;;;;;;;;;;;;
lak_cauc;Lak;;;;;;;;;;;;;;;;;;;;;;;;x;;;;;;;;;;;;;;;;
qara_kirgiz;Qara Kirghiz;;;;;;;;;;;;;;;;;;;;;;;;x;;;;;;;;;;;;;;;;
kirgiz;Kirghiz;;;;;;;;;;;;;;;;;;;;;;;;x;;;;;;;;;;;;;;;;
kumyk;Kumyk;;;;;;;;;;;;x;;;;;;;;;;;;;;;;;;;;;;;;;;;;
albanian;Gheg;;;;;;;;;;;;x;;;;;;;;;;;;;;;;;;;;;;;;;;;;
tosk;Tosk;;;;;;;;;;;;x;;;;;;;;;;;;;;;;;;;;;;;;;;;;
vandalic;Wandalsshe;;;;;;;;;;;;x;;;;;;;;;;;;;;;;;;;;;;;;;;;;
frisian;Frysk;;;;;;;;;;;;x;;;;;;;;;;;;;;;;;;;;;;;;;;;;
afro_frankish;Afro-Frankish;Afro-Frankish;Afro-Frankish;;;;;;;;;;;;;;;;;;;;;;;;;;;;;;;;;;;;;;
dutch;Lower Frankish;;;;;;;;;;;;x;;;;;;;;;;;;;;;;;;;;;;;;;;;;
frankish;Frankish;;;;;;;;;;;;x;;;;;;;;;;;;;;;;;;;;;;;;;;;;
czech;Romanian;;;;;;;;;;;;x;;;;;;;;;;;;;;;;;;;;;;;;;;;;
batavian_frankish;Batavian Frankish;;;;;;;;;;;;x;;;;;;;;;;;;;;;;;;;;;;;;;;;;
vinlander;Vinlander;;;;;;;;;;;;x;;;;;;;;;;;;;;;;;;;;;;;;;;;;
sjaellander;Ny Sjællander;;;;;;;;;;;;x;;;;;;;;;;;;;;;;;;;;;;;;;;;;
karolean;Caroliner;;;;;;;;;;;;x;;;;;;;;;;;;;;;;;;;;;;;;;;;;
platinier;Platinisshe;;;;;;;;;;;;x;;;;;;;;;;;;;;;;;;;;;;;;;;;;
scythian;Alani;;;;;;;;;;;;x;;;;;;;;;;;;;;;;;;;;;;;;;;;;
iberian_scythian;Alanos;;;;;;;;;;;;x;;;;;;;;;;;;;;;;;;;;;;;;;;;;
iassic;Iasi;;;;;;;;;;;;x;;;;;;;;;;;;;;;;;;;;;;;;;;;;
japanese;Japanese;;;;;;;;;;;;;x;;;;;;;;;;;;;;;;;;;;;;;;;;;
japanese_creole;Kongô;;;;;;;;;;;;;x;;;;;;;;;;;;;;;;;;;;;;;;;;;
taiwanese;Taiwanese Austronesian;;;;;;;;;;;;;x;;;;;;;;;;;;;;;;;;;;;;;;;;;
punic;Qarthageni;;;;;;;;;;;;x;;;;;;;;;;;;;;;;;;;;;;;;;;;;
lusitanian;Lusitano;;;;;;;;;;;;x;;;;;;;;;;;;;;;;;;;;;;;;;;;;
leonese;Leonês;;;;;;;;;;;;x;;;;;;;;;;;;;;;;;;;;;;;;;;;;
phoenecoberber;Tingait;;;;;;;;;;;;x;;;;;;;;;;;;;;;;;;;;;;;;;;;;
chaldean;Syriac-Aramean;;;;;;;;;;;;;;;;;;;;;;;;x;;;;;;;;;;;;;;;;
copt;Khemi;;;;;;;;;;;;;;;;;;;;;;;;x;;;;;;;;;;;;;;;;
mandaic;Mandaean;;;;;;;;;;;;;;;;;;;;;;;;x;;;;;;;;;;;;;;;;
pannonian;Slavonic;;;;;;;;;;;;x;;;;;;;;;;;;;;;;;;;;;;;;;;;;
eastern_germanic;Eastern Germanic;;;;;;;;;;;;;;;;;;;;;;;;x;;;;;;;;;;;;;;;;
scythian_group;Scythic;;;;;;;;;;;;;;;;;;;;;;;;x;;;;;;;;;;;;;;;;
beneluxian;Frankish Group;;;;;;;;;;;;;;;;;;;;;;;;x;;;;;;;;;;;;;;;;
semitic_group;Western Semitic;;;;;;;;;;;;;;;;;;;;;;;;x;;;;;;;;;;;;;;;;
arab_khorasani;Zangu'i Arabic;;;;;;;;;;;;x;;;;;;;;;;;;;;;;;;;;;;;;;;;;
romanian;Romanian;;;;;;;;;;;;;;;;;;;;;;;;x;;;;;;;;;;;;;;;;
aromanian;Aromanian;;;;;;;;;;;;;;;;;;;;;;;;x;;;;;;;;;;;;;;;;
hungarian;Esëk-Mogyër;;;;;;;;;;;;;;;;;;;;;;;;x ;;;;;;;;;;;;;;;;
south_hungarian;Del-Mogyër;;;;;;;;;;;;;;;;;;;;;;;;x ;;;;;;;;;;;;;;;;
bulgarian;Bolgarian;;;;;;;;;;;;;;;;;;;;;;;;x ;;;;;;;;;;;;;;;;
russian;Rusyn;;;;;;;;;;;;;;;;;;;;;;;;x ;;;;;;;;;;;;;;;;
sorbian;Sorbian;;;;;;;;;;;;;;;;;;;;;;;;x ;;;;;;;;;;;;;;;;
silesian;Sileziani;;;;;;;;;;;;;;;;;;;;;;;;x ;;;;;;;;;;;;;;;;
pruski;Prusai;;;;;;;;;;;;;;;;;;;;;;;;x ;;;;;;;;;;;;;;;;
novgorodian;Novgorodian;;;;;;;;;;;;;;;;;;;;;;;;x ;;;;;;;;;;;;;;;;
judeo_iranian;Judeo-Iranian;;;;;;;;;;;;;;;;;;;;;;;;x ;;;;;;;;;;;;;;;;
boer;Midgardian;;;;;;;;;;;;;;;;;;;;;;;;x ;;;;;;;;;;;;;;;;
african_romance;Afri-Romanni;;;;;;;;;;;;;;;;;;;;;;;;x ;;;;;;;;;;;;;;;;
persian;Farsi;;;;;;;;;;;;;;;;;;;;;;;;x ;;;;;;;;;;;;;;;;
khorasani_persian;Pamiri;;;;;;;;;;;;;;;;;;;;;;;;x;;;;;;;;;;;;;;;;
new_frankish;Batavian;;;;;;;;;;;;;;;;;;;;;;;;x ;;;;;;;;;;;;;;;;
norn;Norn;;;;;;;;;;;;;x;;;;;;;;;;;;;;;;;;;;;;;;;;;
dalmatian;Dalmato;;;;;;;;;;;;;x;;;;;;;;;;;;;;;;;;;;;;;;;;;
venetian;Vèneto;;;;;;;;;;;;;x;;;;;;;;;;;;;;;;;;;;;;;;;;;
hindi;Hindustani;;;;;;;;;;;;;x;;;;;;;;;;;;;;;;;;;;;;;;;;;
jin;Jin;;;;;;;;;;;;x;;;;;;;;;;;;;;;;;;;;;;;;;;;;
xiang;Xiang;;;;;;;;;;;;x;;;;;;;;;;;;;;;;;;;;;;;;;;;;
gondi;Gondi;;;;;;;;;;;;x;;;;;;;;;;;;;;;;;;;;;;;;;;;;
munda;Munda;;;;;;;;;;;;x;;;;;;;;;;;;;;;;;;;;;;;;;;;;
khasi;Khasi;;;;;;;;;;;;x;;;;;;;;;;;;;;;;;;;;;;;;;;;;
mon;Mon;;;;;;;;;;;;x;;;;;;;;;;;;;;;;;;;;;;;;;;;;
lavonic;Lavo;;;;;;;;;;;;x;;;;;;;;;;;;;;;;;;;;;;;;;;;;
pear;Pearic;;;;;;;;;;;;x;;;;;;;;;;;;;;;;;;;;;;;;;;;;
bahnar;Bahnaric;;;;;;;;;;;;x;;;;;;;;;;;;;;;;;;;;;;;;;;;;
katu;Katuic;;;;;;;;;;;;x;;;;;;;;;;;;;;;;;;;;;;;;;;;;
khmu;Khmuic;;;;;;;;;;;;x;;;;;;;;;;;;;;;;;;;;;;;;;;;;
lawa;Lawa;;;;;;;;;;;;x;;;;;;;;;;;;;;;;;;;;;;;;;;;;
hmong;Hmong;;;;;;;;;;;;x;;;;;;;;;;;;;;;;;;;;;;;;;;;;
mien;Mien;;;;;;;;;;;;x;;;;;;;;;;;;;;;;;;;;;;;;;;;;
tai;Tai;;;;;;;;;;;;x;;;;;;;;;;;;;;;;;;;;;;;;;;;;
lue;Lue;;;;;;;;;;;;x;;;;;;;;;;;;;;;;;;;;;;;;;;;;
gan;Gann;;;;;;;;;;;;x;;;;;;;;;;;;;;;;;;;;;;;;;;;;
beifaren;Mandarin;;;;;;;;;;;;x;;;;;;;;;;;;;;;;;;;;;;;;;;;;
wu;Wu;;;;;;;;;;;;x;;;;;;;;;;;;;;;;;;;;;;;;;;;;
daur;Dagur;;;;;;;;;;;;x;;;;;;;;;;;;;;;;;;;;;;;;;;;;
even;Lamut;;;;;;;;;;;;x;;;;;;;;;;;;;;;;;;;;;;;;;;;;
yukaghir;Yukaghir;;;;;;;;;;;;x;;;;;;;;;;;;;;;;;;;;;;;;;;;;
chukotkan;Chukotkan;;;;;;;;;;;;x;;;;;;;;;;;;;;;;;;;;;;;;;;;;
kamchatkan;Kamchatkan;;;;;;;;;;;;x;;;;;;;;;;;;;;;;;;;;;;;;;;;;
nganasan;Nganasan;;;;;;;;;;;;x;;;;;;;;;;;;;;;;;;;;;;;;;;;;
dolgan;Dolgan;;;;;;;;;;;;x;;;;;;;;;;;;;;;;;;;;;;;;;;;;
yeniseic;Yeniseic;;;;;;;;;;;;x;;;;;;;;;;;;;;;;;;;;;;;;;;;;
u_tsang;Ü-Tsang;;;;;;;;;;;;x;;;;;;;;;;;;;;;;;;;;;;;;;;;;
amdo;Amdo;;;;;;;;;;;;x;;;;;;;;;;;;;;;;;;;;;;;;;;;;
kham;Kham;;;;;;;;;;;;x;;;;;;;;;;;;;;;;;;;;;;;;;;;;
kuki_chin;Kuki-Chin;;;;;;;;;;;;x;;;;;;;;;;;;;;;;;;;;;;;;;;;;
champa;Champa;;;;;;;;;;;;x;;;;;;;;;;;;;;;;;;;;;;;;;;;;
rungic;Rungic;;;;;;;;;;;;x;;;;;;;;;;;;;;;;;;;;;;;;;;;;
boro_garo;Boro-Garo;;;;;;;;;;;;x;;;;;;;;;;;;;;;;;;;;;;;;;;;;
dayak;Dayak;;;;;;;;;;;;x;;;;;;;;;;;;;;;;;;;;;;;;;;;;
aslian;Aslian;;;;;;;;;;;;x;;;;;;;;;;;;;;;;;;;;;;;;;;;;
kurukh;Kurukh;;;;;;;;;;;;;;;;;;;;;;;;x;;;;;;;;;;;;;;;;
dravidian;Dravidian;;;;;;;;;;;;;;;;;;;;;;;;x;;;;;;;;;;;;;;;;
tani;Tani;;;;;;;;;;;;;;;;;;;;;;;;x;;;;;;;;;;;;;;;;
quiangic;Quiangic;;;;;;;;;;;;;;;;;;;;;;;;x;;;;;;;;;;;;;;;;
eastern_tibeto_burman;Eastern Tibeto Burman;;;;;;;;;;;;;;;;;;;;;;;;x;;;;;;;;;;;;;;;;
naga;Naga;;;;;;;;;;;;;;;;;;;;;;;;x;;;;;;;;;;;;;;;;
kamarupan;Kamarupan;;;;;;;;;;;;;;;;;;;;;;;;x;;;;;;;;;;;;;;;;
dzongkha;Dzonghka;;;;;;;;;;;;;;;;;;;;;;;;x;;;;;;;;;;;;;;;;
tibetic;Tibetic;;;;;;;;;;;;;;;;;;;;;;;;x;;;;;;;;;;;;;;;;
burushaskic;Burushaskic;;;;;;;;;;;;;;;;;;;;;;;;x;;;;;;;;;;;;;;;;
tungusic;Tungusic;;;;;;;;;;;;;;;;;;;;;;;;x;;;;;;;;;;;;;;;;
rohingya;Rohingya;;;;;;;;;;;;;;;;;;;;;;;;x;;;;;;;;;;;;;;;;
indo_aryan;Indo Aryan;;;;;;;;;;;;;;;;;;;;;;;;x;;;;;;;;;;;;;;;;
kafiri;Kafiri;;;;;;;;;;;;;;;;;;;;;;;;x;;;;;;;;;;;;;;;;
ethiosemitic;Ethiosemitic;;;;;;;;;;;;;;;;;;;;;;;;x;;;;;;;;;;;;;;;;
ukrainian;Severian;;;;;;;;;;;;;;;;;;;;;;;;x;;;;;;;;;;;;;;;;
byelorussian;Bolkanian;;;;;;;;;;;;;;;;;;;;;;;;x;;;;;;;;;;;;;;;;
;;;;;;x;;;;;;;;;;;;;;;;;;;;;;;;;;;;;;;;;;;
LOM;Cisalpinia;;;;;;;;;;;;x;;;;;;;;;;;;;;;;;;;;;;;;;;;;
LOM_absolute_monarchy;Cisalpine Duchy;;;;;;;;;;;;x;;;;;;;;;;;;;;;;;;;;;;;;;;;;
LOM_hms_government;Cisalpine Duchy;;;;;;;;;;;;x;;;;;;;;;;;;;;;;;;;;;;;;;;;;
LOM_prussian_constitutionalism;Cisalpine Duchy;;;;;;;;;;;;x;;;;;;;;;;;;;;;;;;;;;;;;;;;;
LOM_ADJ;Cisalpine;;;;;;;;;;;;x;;;;;;;;;;;;;;;;;;;;;;;;;;;;
;;;;;;x;;;;;;;;;;;;;;;;;;;;;;;;;;;;;;;;;;;
ANU;Baediga;;;;;;;;;;;;;;;;;;;;;;;;x;;;;;;;;;;;;;;;;
ANU_ADJ;Baedigan;;;;;;;;;;;;;;;;;;;;;;;;x;;;;;;;;;;;;;;;;
TLD;Toledu;;;;;;;;;;;;;;x;;;;;;;;;;;;;;;;;;;;;;;;;;
TLD_ADJ;Toledan;;;;;;;;;;;;;;x;;;;;;;;;;;;;;;;;;;;;;;;;;
;;;;;;x;;;;;;;;;;;;;;;;;;;;;;;;;;;;;;;;;;;
GEN_GER_anarcho_liberal;Radikale;;;;;;;;;;;;;;;;;;;;;;;;;;;;;;;;;;;;;;;;
GEN_GER_communist;Kommunistische Arbeiterpartei;;;;;;;;;;;;;;;;;;;;;;;;;;;;;;;;;;;;;;;;
GEN_GER_conservative_1;Zentrumspartei;;;;;;;;;;;;;;;;;;;;;;;;;;;;;;;;;;;;;;;;
GEN_GER_conservative_2;Konservative Partei;;;;;;;;;;;;;;;;;;;;;;;;;;;;;;;;;;;;;;;;
GEN_GER_fascist;Alldeutscher Verband;;;;;;;;;;;;;;;;;;;;;;;;;;;;;;;;;;;;;;;;
GEN_GER_liberal_1;Liberale Vereinigung;;;;;;;;;;;;;;;;;;;;;;;;;;;;;;;;;;;;;;;;
GEN_GER_liberal_2;Liberaldemokratische Partei;;;;;;;;;;;;;;;;;;;;;;;;;;;;;;;;;;;;;;;;
GEN_GER_reactionary;Die Konterrevolutionäre;;;;;;;;;;;;;;;;;;;;;;;;;;;;;;;;;;;;;;;;
GEN_GER_social_liberal;Dahlker Partei;;;;;;;;;;;;;;;;;;;;;;;;;;;;;;;;;;;;;;;;
GEN_GER_market_liberal;Gemeiner Handelsverband;;;;;;;;;;;;;;;;;;;;;;;;;;;;;;;;;;;;;;;;
GEN_GER_socialist_1;Sozialdemokratische Partei;;;;;;;;;;;;;;;;;;;;;;;;;;;;;;;;;;;;;;;;
GEN_GER_socialist_2;Sozialistiche Arbeiterverein;;;;;;;;;;;;;;;;;;;;;;;;;;;;;;;;;;;;;;;;
FRE;Franconia;;;;;;;;;;;;;;;;;;;;;;;;;;;;;;;;;;;;;;;;
FRE_ADJ;Franconia;;;;;;;;;;;;;;;;;;;;;;;;;;;;;;;;;;;;;;;;
;;;;;;x;;;;;;;;;;;;;;;;;;;;;;;;;;;;;;;;;;;
BUK;Sogdia;;;;;;;;;;;x;;;;;;;;;;;;;;;;;;;;;;;;;;;;;
BUK_ADJ;Sogdian;;;;;;;;;;;x;;;;;;;;;;;;;;;;;;;;;;;;;;;;;
BUK_absolute_monarchy;Shahdom of Sughd;;;;;;;;;;;;;;;;x;;;;;;;;;;;;;;;;;;;;;;;;
BUK_hms_government;Shahdom of Sughd;;;;;;;;;;;;x;;;;;;;;;;;;;;;;;;;;;;;;;;;;
BUK_prussian_constitutionalism;Shahdom of Sughd;;;;;;;;;;;;x;;;;;;;;;;;;;;;;;;;;;;;;;;;;
;;;;;;x;;;;;;;;;;;;;;;;;;;;;;;;;;;;;;;;;;;
JOD;Marwar;Marwar;Marwar;;Marwar;;;;;;;;;x;;;;;;;;;;;;;;;;;;;;;;;;;;;
JOD_ADJ;Marwari;Marwari;Marwari;;Marwari;;;;;;;;x;;;;;;;;;;;;;;;;;;;;;;;;;;;;
NTU_colonial_company_ADJ;Northumbrian;Northumbrian;Northumbrian;;;;;;;;;;;x;;;;;;;;;;;;;;;;;;;;;;;;;;;
NTU_dominion_ADJ;Northumbrian;Northumbrian;Northumbrian;;;;;;;;;;;x;;;;;;;;;;;;;;;;;;;;;;;;;;;
NTU;Brynaigh;Brynaigh;Brynaigh;;;;;;;;;;;x;;;;;;;;;;;;;;;;;;;;;;;;;;;
NTU_ADJ;Albidosaek;Albidosaek;Albidosaek;;;;;;;;;;;x;;;;;;;;;;;;;;;;;;;;;;;;;;;
NTU_colonial_company;Norðhymbraland;Norðhymbraland;Norðhymbraland;;;;;;;;;;;x;;;;;;;;;;;;;;;;;;;;;;;;;;;
NTU_dominion;Norðhymbraland;Norðhymbraland;Norðhymbraland;;;;;;;;;;;x;;;;;;;;;;;;;;;;;;;;;;;;;;;
NTU_proletarian_dictatorship;People's Republic of Brynaigh;People's Republic of Brynaigh;People's Republic of Brynaigh;;;;;;;;;;;x;;;;;;;;;;;;;;;;;;;;;;;;;;;
NTU_presidential_dictatorship;State of Brynaigh;State of Brynaigh;State of Brynaigh;;;;;;;;;;;x;;;;;;;;;;;;;;;;;;;;;;;;;;;
NTU_bourgeois_dictatorship;State of Brynaigh;State of Brynaigh;State of Brynaigh;;;;;;;;;;;x;;;;;;;;;;;;;;;;;;;;;;;;;;;
NTU_fascist_dictatorship;State of Brynaigh;State of Brynaigh;State of Brynaigh;;;;;;;;;;;x;;;;;;;;;;;;;;;;;;;;;;;;;;;
NTU_absolute_monarchy;Brynaigh;Brynaigh;Brynaigh;;;;;;;;;;;x;;;;;;;;;;;;;;;;;;;;;;;;;;;
NTU_prussian_constitutionalism;Brynaigh;Brynaigh;Brynaigh;;;;;;;;;;;x;;;;;;;;;;;;;;;;;;;;;;;;;;;
NTU_hms_government;Brynaigh;Brynaigh;Brynaigh;;;;;;;;;;;x;;;;;;;;;;;;;;;;;;;;;;;;;;;
NTU_democracy;Republic of Brynaigh;Republic of Brynaigh;Republic of Brynaigh;;;;;;;;;;;x;;;;;;;;;;;;;;;;;;;;;;;;;;;
NTU_conservative_92;Plàidh Gaidwadol;Plàidh Gaidwadol;Plàidh Gaidwadol;;;;;;;;;;;x;;;;;;;;;;;;;;;;;;;;;;;;;;;
NTU_liberal_79;Plàidh Libearadol;Plàidh Libearadol;Plàidh Libearadol;;;;;;;;;;;x;;;;;;;;;;;;;;;;;;;;;;;;;;;
NTU_liberal_87;Libearadol Cenedlaethol;Libearadol Cenedlaethol;Libearadol Cenedlaethol;;;;;;;;;;;x;;;;;;;;;;;;;;;;;;;;;;;;;;;
NTU_socialist_85;Sòiseawyr;Sòiseawyr;Sòiseawyr;;;;;;;;;;;x;;;;;;;;;;;;;;;;;;;;;;;;;;;
NTU_socialist_99;Sòiseawyr Cenedlaethol;Sòiseawyr Cenedlaethol;Sòiseawyr Cenedlaethol;;;;;;;;;;;x;;;;;;;;;;;;;;;;;;;;;;;;;;;
NTU_reactionary_84;Monarchy Leadership;Monarchy Leadership;Monarchy Leadership;;;;;;;;;;;x;;;;;;;;;;;;;;;;;;;;;;;;;;;
NTU_anarcho_liberal_93;Libearadol Radaicalydd;Libearadol Radaicalydd;Libearadol Radaicalydd;;;;;;;;;;;x;;;;;;;;;;;;;;;;;;;;;;;;;;;
NTU_communist_86;Comannyddion;Comannyddion;Comannyddion;;;;;;;;;;;x;;;;;;;;;;;;;;;;;;;;;;;;;;;
NTU_fascist_72;Faisigwyr;Faisigwyr;Faisigwyr;;;;;;;;;;;x;;;;;;;;;;;;;;;;;;;;;;;;;;;
;;;;;;x;;;;;;;;;;;;;;;;;;;;;;;;;;;;;;;;;;;
NAL_conservative;Voortrekker Partei;Voortrekker Partei;Voortrekker Partei;;Voortrekker Partei;;;;;;;;;x;;;;;;;;;;;;;;;;;;;;;;;;;;;
NAL_conservative_2;Boeren Partei;Boeren Partei;Boeren Partei;;Boeren Partei;;;;;;;;;x;;;;;;;;;;;;;;;;;;;;;;;;;;;
NAL_liberal;The Liberal Party;Parti lib?al;Die liberale Partei;;El Partido Liberal;;;;;;;;;x;;;;;;;;;;;;;;;;;;;;;;;;;;;
NAL_reactionary;The Nationalist Party;Parti nationaliste;Die nationalistische Partei;;El Partido Nacionalista;;;;;;;;;x;;;;;;;;;;;;;;;;;;;;;;;;;;;
NAL_anarcho_liberal;The Radical Party;Parti radical;Die radikale Partei;;El Partido Radical;;;;;;;;;x;;;;;;;;;;;;;;;;;;;;;;;;;;;
NAL_socialist;The Socialist Party;Parti socialiste;Die sozialistische Partei;;El Partido Socialista;;;;;;;;;x;;;;;;;;;;;;;;;;;;;;;;;;;;;
NAL_communist;The Communist Party;Parti communiste;Die kommunistische Partei;;El Partido Comunista;;;;;;;;;x;;;;;;;;;;;;;;;;;;;;;;;;;;;
NAL_fascist;The Fascist Party;Parti fasciste;Die faschistische Partei;;El Partido Fascista;;;;;;;;;x;;;;;;;;;;;;;;;;;;;;;;;;;;;
TRN_conservative;Voortrekker Partei;Voortrekker Partei;Voortrekker Partei;;Voortrekker Partei;;;;;;;;;x;;;;;;;;;;;;;;;;;;;;;;;;;;;
TRN_conservative_2;Boeren Partei;Boeren Partei;Boeren Partei;;Boeren Partei;;;;;;;;;x;;;;;;;;;;;;;;;;;;;;;;;;;;;
TRN_liberal;Liberal Party;Parti lib?al;Liberale Partei;;Partido Liberal;;;;;;;;;x;;;;;;;;;;;;;;;;;;;;;;;;;;;
TRN_reactionary;Nationalist Partei;Partei nationaliste;Nationalist Partei;;Nationalist Partei;;;;;;;;;x;;;;;;;;;;;;;;;;;;;;;;;;;;;
TRN_anarcho_liberal;Radical Party;Parti radical;Radikale Partei;;Partido Radical;;;;;;;;;x;;;;;;;;;;;;;;;;;;;;;;;;;;;
TRN_socialist;Socialist Party;Parti socialiste;Sozialistische Partei;;Partido Socialista;;;;;;;;;x;;;;;;;;;;;;;;;;;;;;;;;;;;;
TRN_communist;Communist Party;Parti communiste ;Kommunistische Partei;;Partido Comunista;;;;;;;;;x;;;;;;;;;;;;;;;;;;;;;;;;;;;
TRN_fascist;Fascist Party;Parti fasciste;Faschistische Partei;;Partido Fascista;;;;;;;;;x;;;;;;;;;;;;;;;;;;;;;;;;;;;
ORA_conservative;Voortrekker Partei;Voortrekker Partei;Voortrekker Partei;;Voortrekker Partei;;;;;;;;;x;;;;;;;;;;;;;;;;;;;;;;;;;;;
ORA_conservative_2;Boeren Partei;Boeren Partei;Boeren Partei;;Boeren Partei;;;;;;;;;x;;;;;;;;;;;;;;;;;;;;;;;;;;;
ORA_liberal;The Liberal Party;Parti lib?al;Die liberale Partei;;El Partido Liberal;;;;;;;;;x;;;;;;;;;;;;;;;;;;;;;;;;;;;
ORA_reactionary;The Nationalist Partei;Partei nationaliste;Die nationalistische Partei;;The Nationalist Partei;;;;;;;;;x;;;;;;;;;;;;;;;;;;;;;;;;;;;
ORA_anarcho_liberal;The Radical Party;Parti radical;Die radikale Partei;;El Partido Radical;;;;;;;;;x;;;;;;;;;;;;;;;;;;;;;;;;;;;
ORA_socialist;The Socialist Party;Parti socialiste;Die sozialistische Partei;;El Partido Socialista;;;;;;;;;x;;;;;;;;;;;;;;;;;;;;;;;;;;;
ORA_communist;The Communist Party;Parti communiste;Die kommunistische Partei;;El Partido Comunista;;;;;;;;;x;;;;;;;;;;;;;;;;;;;;;;;;;;;
ORA_fascist;The Fascist Party;Parti fasciste;Die faschistische Partei;;El Partido Fascista;;;;;;;;;x;;;;;;;;;;;;;;;;;;;;;;;;;;;
SAF_liberal;Afrikaner Bond;Afrikaner Bond;Afrikaner Bond;;Afrikaner Bond;;;;;;;;;x;;;;;;;;;;;;;;;;;;;;;;;;;;;
SAF_conservative;Progressive Party;Parti progressiste;Progressive Party;;Partido progresista;;;;;;;;;x;;;;;;;;;;;;;;;;;;;;;;;;;;;
SAF_socialist;Labour Party;Parti travailliste;Labour Party;;Partido Laborista;;;;;;;;;x;;;;;;;;;;;;;;;;;;;;;;;;;;;
SAF_conservative_2;Unionist Party;Parti unioniste;Unionist Party;;Partido Unionista;;;;;;;;;x;;;;;;;;;;;;;;;;;;;;;;;;;;;
SAF_liberal_2;South African Party;Parti sud-africain;South African Party;;Partido Sudafricano;;;;;;;;;x;;;;;;;;;;;;;;;;;;;;;;;;;;;
SAF_conservative_3;National Party;Parti national;National Party;;Partido Nacional;;;;;;;;;x;;;;;;;;;;;;;;;;;;;;;;;;;;;
SAF_reactionary;Nationalist Party;Parti nationaliste;Nationalist Party;;Partido Nacionalista;;;;;;;;;x;;;;;;;;;;;;;;;;;;;;;;;;;;;
SAF_anarcho_liberal;Radical Party;Parti radical;Radical Party;;Partido Radical;;;;;;;;;x;;;;;;;;;;;;;;;;;;;;;;;;;;;
SAF_communist;Communist Party;Parti communiste ;Communist Party;;Partido Comunista;;;;;;;;;x;;;;;;;;;;;;;;;;;;;;;;;;;;;
SAF_fascist;Fascist Party;Parti fasciste;Fascist Party;;Partido Fascista;;;;;;;;;x;;;;;;;;;;;;;;;;;;;;;;;;;;;
;;;;;;x;;;;;;;;;;;;;;;;;;;;;;;;;;;;;;;;;;;
TUN;Africa;Africa;Africa;;Africa;;;;;;;;;x;;;;;;;;;;;;;;;;;;;;;;;;;;;
TUN_ADJ;African;African;African;;African;;;;;;;;;x;;;;;;;;;;;;;;;;;;;;;;;;;;;
TUN_absolute_monarchy_ADJ;African;African;African;;African;;;;;;;;;x;;;;;;;;;;;;;;;;;;;;;;;;;;;
TUN_prussian_constitutionalism_ADJ;African;African;African;;African;;;;;;;;;x;;;;;;;;;;;;;;;;;;;;;;;;;;;
TUN_hms_government_ADJ;African;African;African;;African;;;;;;;;;x;;;;;;;;;;;;;;;;;;;;;;;;;;;
TUN_conservative;Partidu Democraticu;Partidu Democraticu;Partidu Democraticu;;Partidu Democraticu;;;;;;;;;x;;;;;;;;;;;;;;;;;;;;;;;;;;;
TUN_liberal;Partidu Libberàle;Partidu Libberàle;Partidu Libberàle;;Partidu Libberàle;;;;;;;;;x;;;;;;;;;;;;;;;;;;;;;;;;;;;
TUN_reactionary;Domo Vandula;Domo Vandula;Domo Vandula;;Domo Vandula;;;;;;;;;x;;;;;;;;;;;;;;;;;;;;;;;;;;;
TUN_anarcho_liberal;Radical Party of Carthage;Radical Party of Carthage;Radical Party of Carthage;;Radical Party of Carthage;;;;;;;;;x;;;;;;;;;;;;;;;;;;;;;;;;;;;
TUN_socialist;Partidu Sociallìsta;Partidu Sociallìsta;Partidu Sociallìsta;;Partidu Sociallìsta;;;;;;;;;x;;;;;;;;;;;;;;;;;;;;;;;;;;;
TUN_communist;Partidu Comunista de Cartajenna;Partidu Comunista de Cartajenna;Partidu Comunista de Cartajenna;;Partidu Comunista de Cartajenna;;;;;;;;;x;;;;;;;;;;;;;;;;;;;;;;;;;;;
TUN_fascist;Partidu Natzionale Fascista;Partidu Natzionale Fascista;Partidu Natzionale Fascista;;Partidu Natzionale Fascista;;;;;;;;;x;;;;;;;;;;;;;;;;;;;;;;;;;;;
KRT;Selbapunnicia;;;;;;;;;;;;;;x;;;;;;;;;;;;;;;;;;;;;;;;;;
KRT_ADJ;Selbapunic;;;;;;;;;;;;;;x;;;;;;;;;;;;;;;;;;;;;;;;;;
KRT_reactionary_1;Domo Vandula;;;;;;;;;;;;;;;;;;;;;;;;;;;;;;;;;;;;;;;;
KRT_reactionary_2;Partidu Munarchicu;;;;;;;;;;;;;;;;;;;;;;;;;;;;;;;;;;;;;;;;
KRT_reactionary_3;Partidu Natzionale Munarchicu;;;;;;;;;;;;;;;;;;;;;;;;;;;;;;;;;;;;;;;;
KRT_conservative_1;A Dresta;;;;;;;;;;;;;;;;;;;;;;;;;;;;;;;;;;;;;;;;
KRT_conservative_2;Partidu Demmocraticu;;;;;;;;;;;;;;;;;;;;;;;;;;;;;;;;;;;;;;;;
KRT_conservative_3;Partidu Demmocraticu;;;;;;;;;;;;;;;;;;;;;;;;;;;;;;;;;;;;;;;;
KRT_liberal_1;A Manca;;;;;;;;;;;;;;;;;;;;;;;;;;;;;;;;;;;;;;;;
KRT_liberal_2;Partidu Libberàle;;;;;;;;;;;;;;;;;;;;;;;;;;;;;;;;;;;;;;;;
KRT_liberal_3;Partidu Libberàle;;;;;;;;;;;;;;;;;;;;;;;;;;;;;;;;;;;;;;;;
KRT_anarcho_liberal_1;L'Estremma libberàle;;;;;;;;;;;;;;;;;;;;;;;;;;;;;;;;;;;;;;;;
KRT_anarcho_liberal_2;Partidu estremo;;;;;;;;;;;;;;;;;;;;;;;;;;;;;;;;;;;;;;;;
KRT_anarcho_liberal_3;Partidu radical-libberàle;;;;;;;;;;;;;;;;;;;;;;;;;;;;;;;;;;;;;;;;
KRT_communist_1;Partidu Comunnista Selbapunnicu;;;;;;;;;;;;;;;;;;;;;;;;;;;;;;;;;;;;;;;;
KRT_communist_2;Partidu Comunnista Selbapunnicu;;;;;;;;;;;;;;;;;;;;;;;;;;;;;;;;;;;;;;;;
KRT_fascist;Partidu Natzionale Fascista;;;;;;;;;;;;;;;;;;;;;;;;;;;;;;;;;;;;;;;;
KRT_socialist_1;L'Estremma;;;;;;;;;;;;;;;;;;;;;;;;;;;;;;;;;;;;;;;;
KRT_socialist_2;Partidu Sociallìsta;;;;;;;;;;;;;;;;;;;;;;;;;;;;;;;;;;;;;;;;
;;;;;;x;;;;;;;;;;;;;;;;;;;;;;;;;;;;;;;;;;;
MNZ;Monza;;;;;;;;;;;;x;;;;;;;;;;;;;;;;;;;;;;;;;;;;
MNZ_ADJ;Monzan;;;;;;;;;;;;x;;;;;;;;;;;;;;;;;;;;;;;;;;;;
MNZ_theocracy;Diocese of Monza;;;;;;;;;;;;x;;;;;;;;;;;;;;;;;;;;;;;;;;;;
MNZ_reactionary;Monarchici;Monarchisti;Monarchisti;;Monarchisti;;;;;;;;;x;;;;;;;;;;;;;;;;;;;;;;;;;;;
MNZ_liberal;Intransigenti;Intransigenti;Intransigenti;;Intransigenti;;;;;;;;;x;;;;;;;;;;;;;;;;;;;;;;;;;;;
MNZ_conservative;Transigenti;Transigenti;Transigenti;;Transigenti;;;;;;;;;x;;;;;;;;;;;;;;;;;;;;;;;;;;;
MNZ_socialist;Socialisti;Socialisti;Socialisti;;Socialisti;;;;;;;;;x;;;;;;;;;;;;;;;;;;;;;;;;;;;
MNZ_communist;Rivoluzionari;Revoluzionari;Revoluzionari;;Revoluzionari;;;;;;;;;x;;;;;;;;;;;;;;;;;;;;;;;;;;;
MNZ_reactionary_2;Cattolici;Cattolici;Cattolici;;Cattolici;;;;;;;;;x;;;;;;;;;;;;;;;;;;;;;;;;;;;
MNZ_anarcho_liberal;Radicali;Radical;Radikali;;Radical;;;;;;;;;x;;;;;;;;;;;;;;;;;;;;;;;;;;;
MNZ_fascist;Fascisti;Fasciste;Fascisti;;Fascista;;;;;;;;;x;;;;;;;;;;;;;;;;;;;;;;;;;;;
MTU;Mantua;;;;;;;;;;;;x;;;;;;;;;;;;;;;;;;;;;;;;;;;;
MTU_ADJ;Mantuan;;;;;;;;;;;;x;;;;;;;;;;;;;;;;;;;;;;;;;;;;
MTU_reactionary;Monarchici;Monarchisti;Monarchisti;;Monarchisti;;;;;;;;;x;;;;;;;;;;;;;;;;;;;;;;;;;;;
MTU_liberal;Intransigenti;Intransigenti;Intransigenti;;Intransigenti;;;;;;;;;x;;;;;;;;;;;;;;;;;;;;;;;;;;;
MTU_conservative;Transigenti;Transigenti;Transigenti;;Transigenti;;;;;;;;;x;;;;;;;;;;;;;;;;;;;;;;;;;;;
MTU_socialist;Socialisti;Socialisti;Socialisti;;Socialisti;;;;;;;;;x;;;;;;;;;;;;;;;;;;;;;;;;;;;
MTU_communist;Rivoluzionari;Revoluzionari;Revoluzionari;;Revoluzionari;;;;;;;;;x;;;;;;;;;;;;;;;;;;;;;;;;;;;
MTU_reactionary_2;Cattolici;Cattolici;Cattolici;;Cattolici;;;;;;;;;x;;;;;;;;;;;;;;;;;;;;;;;;;;;
MTU_anarcho_liberal;Radicali;Radical;Radikali;;Radical;;;;;;;;;x;;;;;;;;;;;;;;;;;;;;;;;;;;;
MTU_fascist;Fascisti;Fasciste;Fascisti;;Fascista;;;;;;;;;x;;;;;;;;;;;;;;;;;;;;;;;;;;;
CSZ;Cosenza;;;;;;;;;;;;x;;;;;;;;;;;;;;;;;;;;;;;;;;;;
CSZ_ADJ;Cosentin;;;;;;;;;;;;x;;;;;;;;;;;;;;;;;;;;;;;;;;;;
CSZ_reactionary;Restaurazionisti;Ristorazionista;Ristorazionista;;Ristorazionista;;;;;;;;;;;;;;;;;;;;;;;;;;;;;;;;;;;;
CSZ_conservative;Moderati ;Moderati ;Moderati;;Moderati ;;;;;;;;;;;;;;;;;;;;;;;;;;;;;;;;;;;;
CSZ_liberal;Riformisti ;Reformisti ;Reformisti;;Reformisti ;;;;;;;;;;;;;;;;;;;;;;;;;;;;;;;;;;;;
CSZ_liberal_2;Liberale;Liberale;Liberali;;Liberale;;;;;;;;;;;;;;;;;;;;;;;;;;;;;;;;;;;;
CSZ_socialist;Socialisti;Sozialisti;Sozialisti;;Sozialisti;;;;;;;;;;;;;;;;;;;;;;;;;;;;;;;;;;;;
CSZ_conservative_2;Popolari;Popolari;Popolari;;Popolari;;;;;;;;;;;;;;;;;;;;;;;;;;;;;;;;;;;;
CSZ_radical;Radicali;Radical;Radikali;;Radical;;;;;;;;;;;;;;;;;;;;;;;;;;;;;;;;;;;;
CSZ_communist;Comunisti;Communistes;Communisti;;Comunista;;;;;;;;;;;;;;;;;;;;;;;;;;;;;;;;;;;;
CSZ_fascist;Fascisti;Fasciste;Fascisti;;Fascista;;;;;;;;;;;;;;;;;;;;;;;;;;;;;;;;;;;;
YNN;Bai Kingdom;Bai Kingdom;Bai Kingdom;;Bai Kingdom;;;;;;;;;x;;;;;;;;;;;;;;;;;;;;;;;;;;;
YNN_ADJ;Bai;Bai;Bai;;Bai;;;;;;;;;x;;;;;;;;;;;;;;;;;;;;;;;;;;;
LUX_lotharingian_duchy;Lower Lotharingia;;;;;;;;;;;;;x;;;;;;;;;;;;;;;;;;;;;;;;;;;
LOR_lotharingian_duchy;Upper Lotharingia;;;;;;;;;;;;;x;;;;;;;;;;;;;;;;;;;;;;;;;;;
LOT;Lotharingia;;;;;;;;;;;;;;x;;;;;;;;;;;;;;;;;;;;;;;;;;
LOT_absolute_monarchy;Kingdom of Lotharingia;;;;;;;;;;;;x;;;;;;;;;;;;;;;;;;;;;;;;;;;;
LOT_hms_government;Kingdom of Lotharingia;;;;;;;;;;;;x;;;;;;;;;;;;;;;;;;;;;;;;;;;;
LOT_prussian_constitutionalism;Kingdom of Lotharingia;;;;;;;;;;;;x;;;;;;;;;;;;;;;;;;;;;;;;;;;;
LOT_ADJ;Lotharingian;;;;;;;;;;;;;;x;;;;;;;;;;;;;;;;;;;;;;;;;;
TTN;Tatistan;;;;;;;;;;;;;;x;;;;;;;;;;;;;;;;;;;;;;;;;;
TTN_colonial_company;Shahdom of Shirvan;;;;;;;;;;;;x;;;;;;;;;;;;;;;;;;;;;;;;;;;;
TTN_absolute_monarchy;Shirvan;;;;;;;;;;;;x;;;;;;;;;;;;;;;;;;;;;;;;;;;;
TTN_hms_government;Shirvan;;;;;;;;;;;;x;;;;;;;;;;;;;;;;;;;;;;;;;;;;
TTN_prussian_constitutionalism;Shirvan;;;;;;;;;;;;x;;;;;;;;;;;;;;;;;;;;;;;;;;;;
TTN_ADJ;Tat;;;;;;;;;;;;;;x;;;;;;;;;;;;;;;;;;;;;;;;;;
AZB_french_bourbon;Domains of Firuz Mirza;;;;;;;;;;;;x;;;;;;;;;;;;;;;;;;;;;;;;;;;;
AZB_colonial_company;Domains of Firuz Mirza;;;;;;;;;;;;x;;;;;;;;;;;;;;;;;;;;;;;;;;;;
LBN_colonial_company;Aramaic Autonomy;;;;;;;;;;;;x;;;;;;;;;;;;;;;;;;;;;;;;;;;;
LBN_Dominion;Aramaic Autonomy;;;;;;;;;;;;x;;;;;;;;;;;;;;;;;;;;;;;;;;;;
NTU_colonial_company_ADJ;Northumbrian;Northumbrian;Northumbrian;;;;;;;;;;;x;;;;;;;;;;;;;;;;;;;;;;;;;;;
NTU_dominion_ADJ;Northumbrian;Northumbrian;Northumbrian;;;;;;;;;;;x;;;;;;;;;;;;;;;;;;;;;;;;;;;
NTU;Brynaigh;Brynaigh;Brynaigh;;;;;;;;;;;x;;;;;;;;;;;;;;;;;;;;;;;;;;;
NTU_ADJ;Albidosaek;Albidosaek;Albidosaek;;;;;;;;;;;x;;;;;;;;;;;;;;;;;;;;;;;;;;;
NTU_colonial_company;Norðhymbraland;Norðhymbraland;Norðhymbraland;;;;;;;;;;;x;;;;;;;;;;;;;;;;;;;;;;;;;;;
NTU_dominion;Norðhymbraland;Norðhymbraland;Norðhymbraland;;;;;;;;;;;x;;;;;;;;;;;;;;;;;;;;;;;;;;;
NTU_proletarian_dictatorship;People's Republic of Brynaigh;People's Republic of Brynaigh;People's Republic of Brynaigh;;;;;;;;;;;x;;;;;;;;;;;;;;;;;;;;;;;;;;;
NTU_presidential_dictatorship;State of Brynaigh;State of Brynaigh;State of Brynaigh;;;;;;;;;;;x;;;;;;;;;;;;;;;;;;;;;;;;;;;
NTU_bourgeois_dictatorship;State of Brynaigh;State of Brynaigh;State of Brynaigh;;;;;;;;;;;x;;;;;;;;;;;;;;;;;;;;;;;;;;;
NTU_fascist_dictatorship;State of Brynaigh;State of Brynaigh;State of Brynaigh;;;;;;;;;;;x;;;;;;;;;;;;;;;;;;;;;;;;;;;
NTU_absolute_monarchy;Brynaigh;Brynaigh;Brynaigh;;;;;;;;;;;x;;;;;;;;;;;;;;;;;;;;;;;;;;;
NTU_prussian_constitutionalism;Brynaigh;Brynaigh;Brynaigh;;;;;;;;;;;x;;;;;;;;;;;;;;;;;;;;;;;;;;;
NTU_hms_government;Brynaigh;Brynaigh;Brynaigh;;;;;;;;;;;x;;;;;;;;;;;;;;;;;;;;;;;;;;;
NTU_democracy;Republic of Brynaigh;Republic of Brynaigh;Republic of Brynaigh;;;;;;;;;;;x;;;;;;;;;;;;;;;;;;;;;;;;;;;
NTU_conservative_92;Plàidh Gaidwadol;Plàidh Gaidwadol;Plàidh Gaidwadol;;;;;;;;;;;x;;;;;;;;;;;;;;;;;;;;;;;;;;;
NTU_liberal_79;Plàidh Libearadol;Plàidh Libearadol;Plàidh Libearadol;;;;;;;;;;;x;;;;;;;;;;;;;;;;;;;;;;;;;;;
NTU_liberal_87;Libearadol Cenedlaethol;Libearadol Cenedlaethol;Libearadol Cenedlaethol;;;;;;;;;;;x;;;;;;;;;;;;;;;;;;;;;;;;;;;
NTU_socialist_85;Sòiseawyr;Sòiseawyr;Sòiseawyr;;;;;;;;;;;x;;;;;;;;;;;;;;;;;;;;;;;;;;;
NTU_socialist_99;Sòiseawyr Cenedlaethol;Sòiseawyr Cenedlaethol;Sòiseawyr Cenedlaethol;;;;;;;;;;;x;;;;;;;;;;;;;;;;;;;;;;;;;;;
NTU_reactionary_84;Monarchy Leadership;Monarchy Leadership;Monarchy Leadership;;;;;;;;;;;x;;;;;;;;;;;;;;;;;;;;;;;;;;;
NTU_anarcho_liberal_93;Libearadol Radaicalydd;Libearadol Radaicalydd;Libearadol Radaicalydd;;;;;;;;;;;x;;;;;;;;;;;;;;;;;;;;;;;;;;;
NTU_communist_86;Comannyddion;Comannyddion;Comannyddion;;;;;;;;;;;x;;;;;;;;;;;;;;;;;;;;;;;;;;;
NTU_fascist_72;Faisigwyr;Faisigwyr;Faisigwyr;;;;;;;;;;;x;;;;;;;;;;;;;;;;;;;;;;;;;;;
;;;;;;x;;;;;;;;;;;;;;;;;;;;;;;;;;;;;;;;;;;
NOV;Novgorod;;;;;;;;;;;;;x;;;;;;;;;;;;;;;;;;;;;;;;;;;
NOV_colonial_company;Holmgård;;;;;;;;;;;;;;;;;;;;;;x;;;;;;;;;;;;;;;;;;
NOV_ADJ;Novgorodian;;;;;;;;;;;;;x;;;;;;;;;;;;;;;;;;;;;;;;;;;
;;;;;;x;;;;;;;;;;;;;;;;;;;;;;;;;;;;;;;;;;;
SCO;Alban;;;;;;;;;;;;;x;;;;;;;;;;;;;;;;;;;;;;;;;;;
SCO_colonial_company;Piktland;;;;;;;;;;;;;;;;;;;;;;x;;;;;;;;;;;;;;;;;;
SCO_ADJ;Albidosaek;;;;;;;;;;;;;x;;;;;;;;;;;;;;;;;;;;;;;;;;;
;;;;;;x;;;;;;;;;;;;;;;;;;;;;;;;;;;;;;;;;;;
KAM;Ainu-Mosir;;;;;;;;;;;;;x;;;;;;;;;;;;;;;;;;;;;;;;;;;
KAM_ADJ;Ainu;;;;;;;;;;;;;x;;;;;;;;;;;;;;;;;;;;;;;;;;;
KAM_colonial_company;Coastal Colonization Authority;;;;;;;;;;;;;;;;;;;;;;x;;;;;;;;;;;;;;;;;;
KAM_colonial_company_ADJ;Japanese;;;;;;;;;;;;;;;;;;;;;;x;;;;;;;;;;;;;;;;;;
;;;;;;x;;;;;;;;;;;;;;;;;;;;;;;;;;;;;;;;;;;
BOH_absolute_monarchy;Crown of Bohemia;;;;;;;;;;;;;;;;;;;;;;x,,,;;;;;;;;;;;;;;;;;;
BOH_prussian_constitutionalism;Crown of Bohemia;;;;;;;;;;;;;;;;;;;;;;x,,,;;;;;;;;;;;;;;;;;;
BOH_hms_government;Crown of Bohemia;;;;;;;;;;;;;;;;;;;;;;x,,,;;;;;;;;;;;;;;;;;;
;;;;;;x;;;;;;;;;;;;;;;;;;;;;;;;;;;;;;;;;;;
BDB;Brandenburg;;;;;;;;;;;;;;;;;;;;;;x,,,;;;;;;;;;;;;;;;;;;
BDB_ADJ;Brandenburger;;;;;;;;;;;;;;;;;;;;;;x,,,;;;;;;;;;;;;;;;;;;
BDB_colonial_company;Margraviate of Brandenburg;;;;;;;;;;;;;;;;;;;;;;x,,,;;;;;;;;;;;;;;;;;;
BDB_absolute_monarchy;Brandenburg;;;;;;;;;;;;;;;;;;;;;;x,,,;;;;;;;;;;;;;;;;;;
BDB_prussian_constitutionalism;Brandenburg;;;;;;;;;;;;;;;;;;;;;;x,,,;;;;;;;;;;;;;;;;;;
BDB_hms_government;Brandenburg;;;;;;;;;;;;;;;;;;;;;;x,,,;;;;;;;;;;;;;;;;;;
BDB_democracy;Republic of Brandenburg;;;;;;;;;;;;;;;;;;;;;;x,,,;;;;;;;;;;;;;;;;;;
BDB_fascist_dictatorship;Brandenburgische Korporatistische Republik;;;;;;;;;;;;;;;;;;;;;;x,,,;;;;;;;;;;;;;;;;;;
BDB_proletarian_dictatorship;Räterepublik Brandenburg;;;;;;;;;;;;;;;;;;;;;;x,,,;;;;;;;;;;;;;;;;;;
;;;;;;x;;;;;;;;;;;;;;;;;;;;;;;;;;;;;;;;;;;
PRD;Ksiestwo Pruskie;;;;;;;;;;;;;;;;;;;;;;x,,,;;;;;;;;;;;;;;;;;;
PRD_ADJ;Pruski;;;;;;;;;;;;;;;;;;;;;;x,,,;;;;;;;;;;;;;;;;;;
PRD_colonial_company;Ksiestwo Pruskie;;;;;;;;;;;;;;;;;;;;;;x,,,;;;;;;;;;;;;;;;;;;
PRD_absolute_monarchy;Ksiestwo Pruskie;;;;;;;;;;;;;;;;;;;;;;x,,,;;;;;;;;;;;;;;;;;;
PRD_prussian_constitutionalism;Ksiestwo Pruskie;;;;;;;;;;;;;;;;;;;;;;x,,,;;;;;;;;;;;;;;;;;;
PRD_hms_government;Ksiestwo Pruskie;;;;;;;;;;;;;;;;;;;;;;x,,,;;;;;;;;;;;;;;;;;;
PRD_democracy;Republika Pruska;;;;;;;;;;;;;;;;;;;;;;x,,,;;;;;;;;;;;;;;;;;;
PRD_fascist_dictatorship;Pruska Republika Korporacyjna;;;;;;;;;;;;;;;;;;;;;;x,,,;;;;;;;;;;;;;;;;;;
PRD_proletarian_dictatorship;Pruska Republika Ludowa;;;;;;;;;;;;;;;;;;;;;;x,,,;;;;;;;;;;;;;;;;;;
;;;;;;x;;;;;;;;;;;;;;;;;;;;;;;;;;;;;;;;;;;
PNN;Pannonia;Pannonia;Pannonia;;;;;;;;;;;x;;;;;;;;;;;;;;;;;;;;;;;;;;;
PNN_ADJ;Pannonian;;;;;;;;;;;;;;x;;;;;;;;;;;;;;;;;;;;;;;;;;
PNN_proletarian_dictatorship;People's republic of Pannonia;People's republic of Pannonia;People's republic of Pannonia;;;;;;;;;;;x;;;;;;;;;;;;;;;;;;;;;;;;;;;
PNN_presidential_dictatorship;Centralist republic of Pannonia;Centralist republic of Pannonia;Centralist republic of Pannonia;;;;;;;;;;;x;;;;;;;;;;;;;;;;;;;;;;;;;;;
PNN_bourgeois_dictatorship;Centralist republic of Pannonia;Centralist republic of Pannonia;Centralist republic of Pannonia;;;;;;;;;;;x;;;;;;;;;;;;;;;;;;;;;;;;;;;
PNN_fascist_dictatorship;Free state of Pannonia;Free state of Pannonia;Free state of Pannonia;;;;;;;;;;;x;;;;;;;;;;;;;;;;;;;;;;;;;;;
PNN_absolute_monarchy;Panónia;Panónia;Panónia;;;;;;;;;;;x;;;;;;;;;;;;;;;;;;;;;;;;;;;
PNN_prussian_constitutionalism;Panónia;Panónia;Panónia;;;;;;;;;;;x;;;;;;;;;;;;;;;;;;;;;;;;;;;
PNN_hms_government;Panónia;Panónia;Panónia;;;;;;;;;;;x;;;;;;;;;;;;;;;;;;;;;;;;;;;
PNN_democracy;Pannonian Republic;Pannonian Republic;Pannonian Republic;;;;;;;;;;;x;;;;;;;;;;;;;;;;;;;;;;;;;;;
PNN_conservative_92;Conservatives;Conservatives;Conservatives;;;;;;;;;;;x;;;;;;;;;;;;;;;;;;;;;;;;;;;
PNN_liberal_79;Liberals;Liberals;Liberals;;;;;;;;;;;x;;;;;;;;;;;;;;;;;;;;;;;;;;;
PNN_liberal_87;National Liberals;National Liberals;National Liberals;;;;;;;;;;;x;;;;;;;;;;;;;;;;;;;;;;;;;;;
PNN_socialist_85;Socialists;Socialists;Socialists;;;;;;;;;;;x;;;;;;;;;;;;;;;;;;;;;;;;;;;
PNN_socialist_99;National Socialists;National Socialists;National Socialists;;;;;;;;;;;x;;;;;;;;;;;;;;;;;;;;;;;;;;;
PNN_reactionary_84;Monarchy Leadership;Monarchy Leadership;Monarchy Leadership;;;;;;;;;;;x;;;;;;;;;;;;;;;;;;;;;;;;;;;
PNN_anarcho_liberal_93;Radical Liberals;Radical Liberals;Radical Liberals;;;;;;;;;;;x;;;;;;;;;;;;;;;;;;;;;;;;;;;
PNN_communist_86;Communists;Communists;Communists;;;;;;;;;;;x;;;;;;;;;;;;;;;;;;;;;;;;;;;
PNN_fascist_72;Fascists;Fascists;Fascists;;;;;;;;;;;x;;;;;;;;;;;;;;;;;;;;;;;;;;;
;;;;;;x;;;;;;;;;;;;;;;;;;;;;;;;;;;;;;;;;;;
AFS;Shahrokh Khan Afshar;Shahrokh Khan Afshar;Shahrokh Khan Afshar;;;;;;;;;;;;;;;;;;;;;;;;;;;;;;;;;;;;;;
AFS_ADJ;Afshar;Afshar;Afshar;;;;;;;;;;;;;;;;;;;;;;;;;;;;;;;;;;;;;;
AFS_absolute_monarchy;Afsharid Dynasty;Afsharid Dynasty;Afsharid Dynasty;;;;;;;;;;;;;;;;;;;;;;;;;;;;;;;;;;;;;;
AFS_absolute_monarchy_ADJ;Afsharid;Afsharid;Afsharid;;;;;;;;;;;;;;;;;;;;;;;;;;;;;;;;;;;;;;
AFS_prussian_constitutionalism;The Afsharids;The Afsharids;The Afsharids;;;;;;;;;;;;;;;;;;;;;;;;;;;;;;;;;;;;;;
AFS_prussian_constitutionalism_ADJ;Afsharid;Afsharid;Afsharid;;;;;;;;;;;;;;;;;;;;;;;;;;;;;;;;;;;;;;
AFS_hms_government;Afsharids;Afsharids;Afsharids;;;;;;;;;;;;;;;;;;;;;;;;;;;;;;;;;;;;;;
AFS_hms_government_ADJ;Afsharid;Afsharid;Afsharid;;;;;;;;;;;;;;;;;;;;;;;;;;;;;;;;;;;;;;
;;;;;;x;;;;;;;;;;;;;;;;;;;;;;;;;;;;;;;;;;;
EDE_ADJ;Jaziran;Jaziran;Jaziran;;;;;;;;;;;x;;;;;;;;;;;;;;;;;;;;;;;;;;;
EDE;Jazira;Jazira;Jazira;;;;;;;;;;;x;;;;;;;;;;;;;;;;;;;;;;;;;;;
;;;;;;x;;;;;;;;;;;;;;;;;;;;;;;;;;;;;;;;;;;
TST_theocracy;Bishopric of Trentino;Bishopric of Trentino;Bishopric of Trentino;;;;;;;;;;;x;;;;;;;;;;;;;;;;;;;;;;;;;;;
;;;;;;x;;;;;;;;;;;;;;;;;;;;;;;;;;;;;;;;;;;
AQU;Aquileia;;;;;;;;;;;;x;;;;;;;;;;;;;;;;;;;;;;;;;;;;
AQU_ADJ;Aquileian;;;;;;;;;;;;x;;;;;;;;;;;;;;;;;;;;;;;;;;;;
AQU_theocracy;Patriarchate of Aquileia;;;;;;;;;;;;x;;;;;;;;;;;;;;;;;;;;;;;;;;;;
AQU_theocracy_ADJ;Aquileian;;;;;;;;;;;;x;;;;;;;;;;;;;;;;;;;;;;;;;;;;
AQU_democracy;Republic of Aquileia;;;;;;;;;;;;x;;;;;;;;;;;;;;;;;;;;;;;;;;;;
AQU_absolute_monarchy;Aquileia;;;;;;;;;;;;x;;;;;;;;;;;;;;;;;;;;;;;;;;;;
AQU_hms_government;Aquileia;;;;;;;;;;;;x;;;;;;;;;;;;;;;;;;;;;;;;;;;;
AQU_prussian_constitutionalism;Aquileia;;;;;;;;;;;;x;;;;;;;;;;;;;;;;;;;;;;;;;;;;
AQU_fascist_dictatorship;Patria del Friul;;;;;;;;;;;;;;;;;;;;;;x,,,;;;;;;;;;;;;;;;;;;
AQU_proletarian_dictatorship;Democratic Republic of Aquileia;;;;;;;;;;;;;;;;;;;;;;x,,,;;;;;;;;;;;;;;;;;;
AQU_conservative;Lega Furlan;;;;;;;;;;;;;x;;;;;;;;;;;;;;;;;;;;;;;;;;;
AQU_liberal;Moviment pal Friûl;;;;;;;;;;;;;x;;;;;;;;;;;;;;;;;;;;;;;;;;;
AQU_reactionary;The Patriarchal Faction;;;;;;;;;;;;;x;;;;;;;;;;;;;;;;;;;;;;;;;;;
AQU_anarcho_liberal;Pat pe Autonomie;;;;;;;;;;;;;x;;;;;;;;;;;;;;;;;;;;;;;;;;;
AQU_socialist;Convergence pal Friûl;;;;;;;;;;;;;x;;;;;;;;;;;;;;;;;;;;;;;;;;;
AQU_communist;Partît Communista Furlan;;;;;;;;;;;;;x;;;;;;;;;;;;;;;;;;;;;;;;;;;
AQU_fascist;Front Furlan;;;;;;;;;;;;;x;;;;;;;;;;;;;;;;;;;;;;;;;;;
;;;;;;x;;;;;;;;;;;;;;;;;;;;;;;;;;;;;;;;;;;
ORL_ADJ;Neustrian;Neustrian;Neustrian;;;;;;;;;;;x;;;;;;;;;;;;;;;;;;;;;;;;;;;
ORL;Neustria;Neustria;Neustria;;;;;;;;;;;x;;;;;;;;;;;;;;;;;;;;;;;;;;;
FRC_ADJ;Frankish;Frankish;Frankish;;;;;;;;;;;x;;;;;;;;;;;;;;;;;;;;;;;;;;;
FRC;Francia;Francia;Francia;;;;;;;;;;;x;;;;;;;;;;;;;;;;;;;;;;;;;;;
FRC_absolute_monarchy;Kingdom of the Franks;Kingdom of the Franks;Kingdom of the Franks;;;;;;;;;;;x;;;;;;;;;;;;;;;;;;;;;;;;;;;
FRC_prussian_constitutionalism;Frankish kingdom;Frankish kingdom;Frankish kingdom;;;;;;;;;;;x;;;;;;;;;;;;;;;;;;;;;;;;;;;
FRC_hms_government;Francia;Francia;Francia;;;;;;;;;;;x;;;;;;;;;;;;;;;;;;;;;;;;;;;
NDY_ADJ;Norman;Norman;Norman;;;;;;;;;;;x;;;;;;;;;;;;;;;;;;;;;;;;;;;
NDY;Normandy;Normandy;Normandy;;;;;;;;;;;x;;;;;;;;;;;;;;;;;;;;;;;;;;;
NDY_proletarian_dictatorship;Democratic Republic Of Normandy;Democratic Republic Of Normandy;Democratic Republic Of Normandy;;;;;;;;;;;x;;;;;;;;;;;;;;;;;;;;;;;;;;;
NDY_presidential_dictatorship;Normandy;Normandy;Normandy;;;;;;;;;;;x;;;;;;;;;;;;;;;;;;;;;;;;;;;
NDY_bourgeois_dictatorship;Normandy;Normandy;Normandy;;;;;;;;;;;x;;;;;;;;;;;;;;;;;;;;;;;;;;;
NDY_fascist_dictatorship;Norman Empire;Norman Empire;Norman Empire;;;;;;;;;;;x;;;;;;;;;;;;;;;;;;;;;;;;;;;
NDY_absolute_monarchy;Kingdom Of Normandy;Kingdom Of Normandy;Kingdom Of Normandy;;;;;;;;;;;x;;;;;;;;;;;;;;;;;;;;;;;;;;;
NDY_prussian_constitutionalism;Normandy;Normandy;Normandy;;;;;;;;;;;x;;;;;;;;;;;;;;;;;;;;;;;;;;;
NDY_hms_government;Normandy;Normandy;Normandy;;;;;;;;;;;x;;;;;;;;;;;;;;;;;;;;;;;;;;;
NDY_democracy;Republic Of Normandy;Republic Of Normandy;Republic Of Normandy;;;;;;;;;;;x;;;;;;;;;;;;;;;;;;;;;;;;;;;
NDY_conservative_92;Conservatives;Conservatives;Conservatives;;;;;;;;;;;x;;;;;;;;;;;;;;;;;;;;;;;;;;;
NDY_liberal_79;Liberals;Liberals;Liberals;;;;;;;;;;;x;;;;;;;;;;;;;;;;;;;;;;;;;;;
NDY_liberal_87;National Liberals;National Liberals;National Liberals;;;;;;;;;;;x;;;;;;;;;;;;;;;;;;;;;;;;;;;
NDY_socialist_85;Socialists;Socialists;Socialists;;;;;;;;;;;x;;;;;;;;;;;;;;;;;;;;;;;;;;;
NDY_socialist_99;National Socialists;National Socialists;National Socialists;;;;;;;;;;;x;;;;;;;;;;;;;;;;;;;;;;;;;;;
NDY_reactionary_84;Monarchy Leadership;Monarchy Leadership;Monarchy Leadership;;;;;;;;;;;x;;;;;;;;;;;;;;;;;;;;;;;;;;;
NDY_anarcho_liberal_93;Radical Liberals;Radical Liberals;Radical Liberals;;;;;;;;;;;x;;;;;;;;;;;;;;;;;;;;;;;;;;;
NDY_communist_86;Communists;Communists;Communists;;;;;;;;;;;x;;;;;;;;;;;;;;;;;;;;;;;;;;;
NDY_fascist_72;Fascists;Fascists;Fascists;;;;;;;;;;;x;;;;;;;;;;;;;;;;;;;;;;;;;;;
;;;;;;x;;;;;;;;;;;;;;;;;;;;;;;;;;;;;;;;;;;
KHT;Sakastan;;;;;;;;;;;;;;;;;;;;;;;;;;;;;;;;;;;;;;;;
KHT_ADJ;Saka;;;;;;;;;;;;;;;;;;;;;;;;;;;;;;;;;;;;;;;;
ZNU;Gharm;;;;;;;;;;;;;;;;;;;;;;;;;;;;;;;;;;;;;;;;
ZNU_ADJ;Gharmian;;;;;;;;;;;;;;;;;;;;;;;;;;;;;;;;;;;;;;;;
KHZ;Banu Ka'ab;;;;;;;;;;;;;;;;;;;;;;;;;;;;;;;;;;;;;;;;
KHZ_ADJ;Banu Ka'abi;;;;;;;;;;;;;"	";;;;;;;;;;;;;;;;;;;;;;;;;;;
BSR;Al-Mazkur Sheikdom;;;;;;;;;;;;;;;;;;;;;;;;;;;;;;;;;;;;;;;;
BSR_ADJ;Al-Mazkur Sheikdom;;;;;;;;;;;;;"	";;;;;;;;;;;;;;;;;;;;;;;;;;;
ZND;Zand Dynasty;Zand Dynasty;Zand Dynasty;;;;;;;;;;;;;;;;;;;;;;;;;;;;;;;;;;;;;;
ZND_ADJ;Zand;Zand;Zand;;;;;;;;;;;;;;;;;;;;;;;;;;;;;;;;;;;;;;
POI;Pictavia;;;;;;;;;;;;;;x;;;;;;;;;;;;;;;;;;;;;;;;;;
POI_ADJ;Pictavian;;;;;;;;;;;;;;x;;;;;;;;;;;;;;;;;;;;;;;;;;
KHR;Parthia;;;;;;;;;;;;;;x;;;;;;;;;;;;;;;;;;;;;;;;;;
KHR_absolute_monarchy;Pahlaw;;;;;;;;;;;;x;;;;;;;;;;;;;;;;;;;;;;;;;;;;
KHR_colonial_company;Pahlaw;;;;;;;;;;;;x;;;;;;;;;;;;;;;;;;;;;;;;;;;;
KHR_hms_government;Pahlaw;;;;;;;;;;;;x;;;;;;;;;;;;;;;;;;;;;;;;;;;;
KHR_prussian_constitutionalism;Pahlaw;;;;;;;;;;;;x;;;;;;;;;;;;;;;;;;;;;;;;;;;;
KHR_republic;Parthian Republic;;;;;;;;;;;;x;;;;;;;;;;;;;;;;;;;;;;;;;;;;
KHR_ADJ;Parthian;;;;;;;;;;;;;;x;;;;;;;;;;;;;;;;;;;;;;;;;;
LUR;Hormoz;;;;;;;;;;;;;;x;;;;;;;;;;;;;;;;;;;;;;;;;;
LUR_colonial_company:Hormoz;;;;;;;;;;;;x;;;;;;;;;;;;;;;;;;;;;;;;;;;;;
LUR_absolute_monarchy;Hormoz;;;;;;;;;;;;x;;;;;;;;;;;;;;;;;;;;;;;;;;;;
LUR_hms_government;Hormoz;;;;;;;;;;;;x;;;;;;;;;;;;;;;;;;;;;;;;;;;;
LUR_prussian_constitutionalism;Hormoz;;;;;;;;;;;;x;;;;;;;;;;;;;;;;;;;;;;;;;;;;
LUR_colonial_company_ADJ:Hormozi;;;;;;;;;;;;x;;;;;;;;;;;;;;;;;;;;;;;;;;;;;
LUR_absolute_monarchy_ADJ;Hormozi;;;;;;;;;;;;x;;;;;;;;;;;;;;;;;;;;;;;;;;;;
LUR_hms_government_ADJ;Hormozi;;;;;;;;;;;;x;;;;;;;;;;;;;;;;;;;;;;;;;;;;
LUR_prussian_constitutionalism_ADJ;Hormozi;;;;;;;;;;;;x;;;;;;;;;;;;;;;;;;;;;;;;;;;;
LUR_ADJ;Hormozi;;;;;;;;;;;;;;x;;;;;;;;;;;;;;;;;;;;;;;;;;
YZD;Rustamids;;;;;;;;;;;;;;x;;;;;;;;;;;;;;;;;;;;;;;;;;
YZD_absolute_monarchy;Rustamids;;;;;;;;;;;;x;;;;;;;;;;;;;;;;;;;;;;;;;;;;
YZD_hms_government;Rustamids;;;;;;;;;;;;x;;;;;;;;;;;;;;;;;;;;;;;;;;;;
YZD_prussian_constitutionalism;Rustamids;;;;;;;;;;;;x;;;;;;;;;;;;;;;;;;;;;;;;;;;;
YZD_ADJ;Rustamid;;;;;;;;;;;;;;x;;;;;;;;;;;;;;;;;;;;;;;;;;
SEM;Semnan;;;;;;;;;;;;;;;;;;;;;;;;;;;;;;;;;;;;;;;;
SEM_ADJ;Semnani;;;;;;;;;;;;;;;;;;;;;;;;;;;;;;;;;;;;;;;;
;;;;;;x;;;;;;;;;;;;;;;;;;;;;;;;;;;;;;;;;;;
FRC_liberal;Republikeinen;;;;;;;;;;;;;;x,,,,,,,,,,,,,,,,,,,,,,;;;;;;;;;;;;;;;;;;;;;;;;;;
FRC_liberal_2;Liberale Unie;;;;;;;;;;;;x;;;;;;;;;;;;;;;;;;;;;;;;;;;;
FRC_liberal_3;Liberale Republikanesch;;;;;;;;;;;;x;;;;;;;;;;;;;;;;;;;;;;;;;;;;
FRC_conservative;Karolingische Fraktion;;;;;;;;;;;;;;x,,,,,,,,,,,,,,,,,,,,,,;;;;;;;;;;;;;;;;;;;;;;;;;;
FRC_conservative_2;Partij Frenkräich;;;;;;;;;;;;;;x,,,,,,,,,,,,,,,,,,,,,,;;;;;;;;;;;;;;;;;;;;;;;;;;
FRC_conservative_3;Républicain modéré;;;;;;;;;;;;;;x,,,,,,,,,,,,,,,,,,,,,,;;;;;;;;;;;;;;;;;;;;;;;;;;
FRC_conservative_4;Karolingische;;;;;;;;;;;;;;x,,,,,,,,,,,,,,,,,,,,,,;;;;;;;;;;;;;;;;;;;;;;;;;;
FRC_conservative_5;Royalisten;;;;;;;;;;;;;;x,,,,,,,,,,,,,,,,,,,,,,;;;;;;;;;;;;;;;;;;;;;;;;;;
FRC_fascist;Frenkiske Partije;;;;;;;;;;;;;;;;x,,,,,,,,,,,,,,,,,,,,,,;;;;;;;;;;;;;;;;;;;;;;;;
FRC_reactionary;Absolutisten;;;;;;;;;;;;;;x,,,,,,,,,,,,,,,,,,,,,,;;;;;;;;;;;;;;;;;;;;;;;;;;
FRC_reactionary_2;Nationalistisch Rechts;;;;;;;;;;;;;;x,,,,,,,,,,,,,,,,,,,,,,;;;;;;;;;;;;;;;;;;;;;;;;;;
FRC_anarcho_liberal;Radicale Republikeinse;;;;;;;;;;;;;x,,,,,,,,,,,,,,,,,,,,,,;;;;;;;;;;;;;;;;;;;;;;;;;;;
FRC_communist;Radicale Republikeinse;;;;;;;;;;;;;x,,,,,,,,,,,,,,,,,,,,,,;;;;;;;;;;;;;;;;;;;;;;;;;;;
FRC_socialist;Frenkiske Arbeiderspartij;;;;;;;;;;;;;x,,,,,,,,,,,,,,,,,,,,,,;;;;;;;;;;;;;;;;;;;;;;;;;;;
FRC_socialist_2;Mogelijkheden;;;;;;;;;;;;;x,,,,,,,,,,,,,,,,,,,,,,;;;;;;;;;;;;;;;;;;;;;;;;;;;
FRC_socialist_3;FAAI;;;;;;;;;;;;;x,,,,,,,,,,,,,,,,,,,,,,;;;;;;;;;;;;;;;;;;;;;;;;;;;
;;;;;;x;;;;;;;;;;;;;;;;;;;;;;;;;;;;;;;;;;;
BRB;Brabant;;;;;;;;;;;;;;x;;;;;;;;;;;;;;;;;;;;;;;;;;
BRB_ADJ;Brabantian;;;;;;;;;;;;;;x;;;;;;;;;;;;;;;;;;;;;;;;;;
BRB_conservative;Brabantise Volkspartie;;;;;;;;;;;;;;x;;;;;;;;;;;;;;;;;;;;;;;;;;
BRB_liberal;Reformisten;;;;;;;;;;;;;;x;;;;;;;;;;;;;;;;;;;;;;;;;;
BRB_reactionary;Hertogsfraktion;;;;;;;;;;;;;;x;;;;;;;;;;;;;;;;;;;;;;;;;;
BRB_anarcho_liberal;Radikale Reformisten;;;;;;;;;;;;;;x;;;;;;;;;;;;;;;;;;;;;;;;;;
BRB_socialist;SPB;;;;;;;;;;;;;;x;;;;;;;;;;;;;;;;;;;;;;;;;;
BRB_communist;Brabantiske Revolutionspartie;;;;;;;;;;;;;;x;;;;;;;;;;;;;;;;;;;;;;;;;;
BRB_fascist;Nationalsotialistiske Partie;;;;;;;;;;;;;;x;;;;;;;;;;;;;;;;;;;;;;;;;;
;;;;;;x;;;;;;;;;;;;;;;;;;;;;;;;;;;;;;;;;;;
FRI;Frisia;;;;;;;;;;;;;;x;;;;;;;;;;;;;;;;;;;;;;;;;;
FRI_ADJ;Frisian;;;;;;;;;;;;;;x;;;;;;;;;;;;;;;;;;;;;;;;;;
ALN;Alania;;;;;;;;;;;;;;x;;;;;;;;;;;;;;;;;;;;;;;;;;
ALN_ADJ;Alanian;;;;;;;;;;;;;;x;;;;;;;;;;;;;;;;;;;;;;;;;;
OSS_reactionary;Bardarægad;;;;;;;;;;;;;x;;;;;;;;;;;;;;;;;;;;;;;;;;;
OSS_liberal;Reformist Faction;;;;;;;;;;;;;x;;;;;;;;;;;;;;;;;;;;;;;;;;;
OSS_conservative;Særad;;;;;;;;;;;;;x;;;;;;;;;;;;;;;;;;;;;;;;;;;
OSS_anarcho_liberal;Radical Party;;;;;;;;;;;;;x;;;;;;;;;;;;;;;;;;;;;;;;;;;
OSS_socialist;Socialist Party;;;;;;;;;;;;;x;;;;;;;;;;;;;;;;;;;;;;;;;;;
OSS_communist;Communist Part;;;;;;;;;;;;;x;;;;;;;;;;;;;;;;;;;;;;;;;;;
OSS_fascist;Fascist Party;;;;;;;;;;;;;x;;;;;;;;;;;;;;;;;;;;;;;;;;;
CUR;Courland;;;;;;;;;;;;;;x;;;;;;;;;;;;;;;;;;;;;;;;;;
CUR_ADJ;Curonian;;;;;;;;;;;;;;x;;;;;;;;;;;;;;;;;;;;;;;;;;
BRG;Burgundy;Bourgogne;Burgund;Burgundia;Borgoña;Borgogna;Burgundia;burgundské;Burgundia;Bourgogne;Borgonha;Áóðãóíäèÿ;Bourgogne;;;;;;;;;;;;;;;;;;;;;;;;;;;;
BRG_ADJ;Burgundian;Bourguignon;Burgundisch;Burgundii;Borgoñesa;Borgognona;burgundi;Burgundský;burgundi;Bourgondisch;Burgundiano;Áóðãóíäñê.;Burgundin;;;;;;;;;;;;;;;;;;;;;;;;;;;;
EST_autonomous_dependency;Estland;;;;;;;;;;;;;;;;;;;;;;;;;;;;;;;;;;;;;;;;
LAT_autonomous_dependency;Livland;;;;;;;;;;;;;;;;;;;;;;;;;;;;;;;;;;;;;;;;
IZH_autonomous_dependency;Ingermanland;;;;;;;;;;;;;;;;;;;;;;;;;;;;;;;;;;;;;;;;
UBD_colonial_company;Livonia;;;;;;;;;;;;;;x;;;;;;;;;;;;;;;;;;;;;;;;;;
UBD_autonomous_dependency;Livonia;;;;;;;;;;;;;;x;;;;;;;;;;;;;;;;;;;;;;;;;;
;;;;;;x;;;;;;;;;;;;;;;;;;;;;;;;;;;;;;;;;;;
ALD;Nundia;Nundia;Nundia;;Nundia;;;;;;;;;x;;;;;;;;;;;;;;;;;;;;;;;;;;;
ALD_ADJ;Nundian;Nundian;Nundian;;Nundian;;;;;;;;;x;;;;;;;;;;;;;;;;;;;;;;;;;;;
ALD_conservative;Bey Faction;Faction Bey;Bey-Fraktion;;Facci? bey;;;;;;;;;x;;;;;;;;;;;;;;;;;;;;;;;;;;;
ALD_reactionary;Amir Faction;Faction Amir;Amir-Fraktion;;Facci? Amir;;;;;;;;;x;;;;;;;;;;;;;;;;;;;;;;;;;;;
ALD_liberal;Conceil G??al;Conseil g??al;Conseil G??al;;Conceil G??al;;;;;;;;;x;;;;;;;;;;;;;;;;;;;;;;;;;;;
ALD_liberal_2;Jeunesse Alg?ienne;Jeunesse alg?ienne;Jeunesse Alg?ienne;;Jeunesse Alg?ienne;;;;;;;;;x;;;;;;;;;;;;;;;;;;;;;;;;;;;
ALD_liberal_3;The Liberal Faction;Faction lib?ale;Die liberale Fraktion;;La facci? liberal;;;;;;;;;x;;;;;;;;;;;;;;;;;;;;;;;;;;;
ALD_reactionary_2;The Nationalist Faction;Faction nationaliste;Die nationalistische Fraktion;;La facci? nacionalista;;;;;;;;;x;;;;;;;;;;;;;;;;;;;;;;;;;;;
ALD_anarcho_liberal;The Radical Faction;Faction radicale;Die radikale Fraktion;;La facci? radical;;;;;;;;;x;;;;;;;;;;;;;;;;;;;;;;;;;;;
ALD_socialist;The Socialist Faction;Faction socialiste;Die sozialistische Fraktion;;La facci? socialista;;;;;;;;;x;;;;;;;;;;;;;;;;;;;;;;;;;;;
ALD_communist;The Communist Faction;Faction communiste;Die kommunistische Fraktion;;La facci? comunista;;;;;;;;;x;;;;;;;;;;;;;;;;;;;;;;;;;;;
ALD_fascist;The Fascist Faction;Faction fasciste;Die faschistische Fraktion;;La facci? fascista;;;;;;;;;x;;;;;;;;;;;;;;;;;;;;;;;;;;;
;;;;;;x;;;;;;;;;;;;;;;;;;;;;;;;;;;;;;;;;;;
MOR;Mauria;Mauria;Mauria;;Mauria;;;;;;;;;x;;;;;;;;;;;;;;;;;;;;;;;;;;;
MOR_ADJ;Maurian;Maurian;Maurian;;Maurian?;;;;;;;;x;;;;;;;;;;;;;;;;;;;;;;;;;;;;
MOR_conservative;Royal Faction;Faction royale;K?igsfraktion;;Facci? Real;;;;;;;;;x;;;;;;;;;;;;;;;;;;;;;;;;;;;
MOR_liberal;The Liberal Faction;Faction lib?ale;Die liberale Fraktion;;La Facci? Liberal;;;;;;;;;x;;;;;;;;;;;;;;;;;;;;;;;;;;;
MOR_reactionary;The Nationalist Faction;Faction nationaliste;Die nationalistische Fraktion;;La Facci? Nacionalista;;;;;;;;;x;;;;;;;;;;;;;;;;;;;;;;;;;;;
MOR_anarcho_liberal;The Radical Faction;Faction radicale;Die radikale Fraktion;;La Facci? Radical;;;;;;;;;x;;;;;;;;;;;;;;;;;;;;;;;;;;;
MOR_socialist;The Socialist Faction;Faction socialiste;Die sozialistische Fraktion;;La Facci? Socialista;;;;;;;;;x;;;;;;;;;;;;;;;;;;;;;;;;;;;
MOR_communist;The Communist Faction;Faction communiste;Die kommunistische Fraktion;;La Facci? Comunista;;;;;;;;;x;;;;;;;;;;;;;;;;;;;;;;;;;;;
MOR_fascist;The Fascist Faction;Faction fasciste;Die faschistische Fraktion;;La Facci? Fascista;;;;;;;;;x;;;;;;;;;;;;;;;;;;;;;;;;;;;
;;;;;;x;;;;;;;;;;;;;;;;;;;;;;;;;;;;;;;;;;;
AVA;Avalon;Avalon;Avalon;;;;;;;;;;;;;;;;;;;;;;;;;;;;;;;;;;;;;;
AVA_ADJ;Avalonian;Avalonian;Avalonian;;;;;;;;;;;;;;;;;;;;;;;;;;;;;;;;;;;;;;
;;;;;;x;;;;;;;;;;;;;;;;;;;;;;;;;;;;;;;;;;;
LST;Lusitania;Lusitanie;Lusitania;;;;;;;;;;;;;;;;;;;;;;;;;;;;;;;;;;;;;;
LST_ADJ;Lusitano;Lusitanien;Lusitano;;;;;;;;;;;;;;;;;;;;;;;;;;;;;;;;;;;;;;
LST_conservative_1;Converxencia Nacionalista Lusitana;;;;;;;;;;;;;;;;;;;;;;;;;;;;;;;;;;;;;;;;
LST_conservative_3;Unidade Popular;;;;;;;;;;;;;;;;;;;;;;;;;;;;;;;;;;;;;;;;
LST_liberal_2;Solidaridad Lusitana;;;;;;;;;;;;;;;;;;;;;;;;;;;;;;;;;;;;;;;;
LST_liberal_3;Partido Demócrata Cristián;;;;;;;;;;;;;;;;;;;;;;;;;;;;;;;;;;;;;;;;
LST_socialist_1;Partido Lusitano do Proletariado;;;;;;;;;;;;;;;;;;;;;;;;;;;;;;;;;;;;;;;;
LST_socialist_2;Union do Povo Lusitano;;;;;;;;;;;;;;;;;;;;;;;;;;;;;;;;;;;;;;;;
LST_reactionary_2;Vangarda Nazonalista Lusitana;;;;;;;;;;;;;;;;;;;;;;;;;;;;;;;;;;;;;;;;
LST_anarcho_liberal_2;Patronal Lusitana;;;;;;;;;;;;;;;;;;;;;;;;;;;;;;;;;;;;;;;;
LST_communist_1;Espazo Comunista Lusitano;;;;;;;;;;;;;;;;;;;;;;;;;;;;;;;;;;;;;;;;
LST_fascist_2;Falanxe;;;;;;;;;;;;;;;;;;;;;;;;;;;;;;;;;;;;;;;;
;;;;;;x;;;;;;;;;;;;;;;;;;;;;;;;;;;;;;;;;;;
ASY_reactionary;Assyrian General Conference;;;;;;;;;;;;;x;;;;;;;;;;;;;;;;;;;;;;;;;;;
ASY_liberal;Assyrian Reformist Faction;;;;;;;;;;;;;x;;;;;;;;;;;;;;;;;;;;;;;;;;;
ASY_conservative;Assyrian Democratic Party;;;;;;;;;;;;;x;;;;;;;;;;;;;;;;;;;;;;;;;;;
ASY_anarcho_liberal;Assyrian Radical Party;;;;;;;;;;;;;x;;;;;;;;;;;;;;;;;;;;;;;;;;;
ASY_socialist;Assyrian Socialist Party;;;;;;;;;;;;;x;;;;;;;;;;;;;;;;;;;;;;;;;;;
ASY_communist;Assyrian Progressive Nationalist Party;;;;;;;;;;;;;x;;;;;;;;;;;;;;;;;;;;;;;;;;;
ASY_fascist;Assyrian Patriotic Party;;;;;;;;;;;;;x;;;;;;;;;;;;;;;;;;;;;;;;;;;
;;;;;;x;;;;;;;;;;;;;;;;;;;;;;;;;;;;;;;;;;;
VND;Vandalica;Vandalica;Vandalica;;Vandalica;;;;;;;;;x;;;;;;;;;;;;;;;;;;;;;;;;;;;
VND_ADJ;Vandal;Vandal;Vandal;;Vandal;;;;;;;;;x;;;;;;;;;;;;;;;;;;;;;;;;;;;
VND_liberal;Partij af Freihals;Partij af Freihals;Partij af Freihals;;Partij af Freihals;;;;;;;;;x;;;;;;;;;;;;;;;;;;;;;;;;;;;
VND_conservative;Partij af Freideins;Partij af Freideins;Partij af Freideins;;Partij af Freideins;;;;;;;;;x;;;;;;;;;;;;;;;;;;;;;;;;;;;
VND_liberal_2;Partij af Freihals;Partij af Freihals;Partij af Freihals;;Partij af Freihals;;;;;;;;;x;;;;;;;;;;;;;;;;;;;;;;;;;;;
VND_liberal_3;Freisinnige Partei;Freisinnige Partei;Freisinnige Partei;;Freisinnige Partei;;;;;;;;;x;;;;;;;;;;;;;;;;;;;;;;;;;;;
VND_socialist;Vandalthiuda;Vandalthiuda;Vandalthiuda;;Vandalthiuda;;;;;;;;;x;;;;;;;;;;;;;;;;;;;;;;;;;;;
VND_socialist_2;Vandalthiuda;Vandalthiuda;Vandalthiuda;;Vandalthiuda;;;;;;;;;x;;;;;;;;;;;;;;;;;;;;;;;;;;;
VND_socialist_3;Vandalthiuda;Vandalthiuda;Vandalthiuda;;Vandalthiuda;;;;;;;;;x;;;;;;;;;;;;;;;;;;;;;;;;;;;
VND_reactionary;Partij af Reaktioners;Partij af Reaktioners;Partij af Reaktioners;;Partij af Reaktioners;;;;;;;;;x;;;;;;;;;;;;;;;;;;;;;;;;;;;
VND_conservative_2;Partij af Freideins;Partij af Freideins;Partij af Freideins;;Partij af Freideins;;;;;;;;;x;;;;;;;;;;;;;;;;;;;;;;;;;;;
VND_conservative_3;Partij af Freideins;Partij af Freideins;Partij af Freideins;;Partij af Freideins;;;;;;;;;x;;;;;;;;;;;;;;;;;;;;;;;;;;;
VND_anarcho_liberal;Partij af Radikals;Partij af Radikals;Partij af Radikals;;Partij af Radikals;;;;;;;;;x;;;;;;;;;;;;;;;;;;;;;;;;;;;
VND_communist;Vandalthiuda Radikals;Vandalthiuda Radikals;Vandalthiuda Radikals;;Vandalthiuda Radikals;;;;;;;;;x;;;;;;;;;;;;;;;;;;;;;;;;;;;
VND_fascist;Fraujinassus af Vandalthiuda;Fraujinassus af Vandalthiuda;Fraujinassus af Vandalthiuda;;Fraujinassus af Vandalthiuda;;;;;;;;;x;;;;;;;;;;;;;;;;;;;;;;;;;;;
;;;;;;x;;;;;;;;;;;;;;;;;;;;;;;;;;;;;;;;;;;
MEL_ADJ;Melfian;Melfian;Melfian;;;;;;;;;;;x;;;;;;;;;;;;;;;;;;;;;;;;;;;
MEL;Melfis;Melfis;Melfis;;;;;;;;;;;x;;;;;;;;;;;;;;;;;;;;;;;;;;;
MEL_proletarian_dictatorship;Melfis;Melfis;Melfis;;;;;;;;;;;x;;;;;;;;;;;;;;;;;;;;;;;;;;;
MEL_presidential_dictatorship;Melfis;Melfis;Melfis;;;;;;;;;;;x;;;;;;;;;;;;;;;;;;;;;;;;;;;
MEL_bourgeois_dictatorship;Melfis;Melfis;Melfis;;;;;;;;;;;x;;;;;;;;;;;;;;;;;;;;;;;;;;;
MEL_fascist_dictatorship;State Of Melfis;Melfis;Melfis;;;;;;;;;;;x;;;;;;;;;;;;;;;;;;;;;;;;;;;
MEL_absolute_monarchy;Duchy Of Melfis;Melfis;Melfis;;;;;;;;;;;x;;;;;;;;;;;;;;;;;;;;;;;;;;;
MEL_prussian_constitutionalism;Duchy Of Melfis;Melfis;Melfis;;;;;;;;;;;x;;;;;;;;;;;;;;;;;;;;;;;;;;;
MEL_hms_government;Duchy Of Melfis;Melfis;Melfis;;;;;;;;;;;x;;;;;;;;;;;;;;;;;;;;;;;;;;;
MEL_democracy;Republic Of Melfis;Melfis;Melfis;;;;;;;;;;;x;;;;;;;;;;;;;;;;;;;;;;;;;;;
MEL_reactionary;Restaurazionisti;Ristorazionista;Ristorazionista;;Ristorazionista;;;;;;;;;;;;;;;;;;;;;;;;;;;;;;;;;;;;
MEL_conservative;Moderati ;Moderati ;Moderati;;Moderati ;;;;;;;;;;;;;;;;;;;;;;;;;;;;;;;;;;;;
MEL_liberal;Riformisti ;Reformisti ;Reformisti;;Reformisti ;;;;;;;;;;;;;;;;;;;;;;;;;;;;;;;;;;;;
MEL_liberal_2;Liberale;Liberale;Liberali;;Liberale;;;;;;;;;;;;;;;;;;;;;;;;;;;;;;;;;;;;
MEL_socialist;Socialisti;Sozialisti;Sozialisti;;Sozialisti;;;;;;;;;;;;;;;;;;;;;;;;;;;;;;;;;;;;
MEL_conservative_2;Popolari;Popolari;Popolari;;Popolari;;;;;;;;;;;;;;;;;;;;;;;;;;;;;;;;;;;;
MEL_radical;Radicali;Radical;Radikali;;Radical;;;;;;;;;;;;;;;;;;;;;;;;;;;;;;;;;;;;
MEL_communist;Comunisti;Communistes;Communisti;;Comunista;;;;;;;;;;;;;;;;;;;;;;;;;;;;;;;;;;;;
MEL_fascist;Fascisti;Fasciste;Fascisti;;Fascista;;;;;;;;;;;;;;;;;;;;;;;;;;;;;;;;;;;;
AVR_ADJ;Aversan;Aversan;Aversan;;;;;;;;;;;x;;;;;;;;;;;;;;;;;;;;;;;;;;;
AVR;Aversa;Aversa;Aversa;;;;;;;;;;;x;;;;;;;;;;;;;;;;;;;;;;;;;;;
AVR_proletarian_dictatorship;Democratic Republic Of Aversa;Democratic Republic Of Aversa;Democratic Republic Of Aversa;;;;;;;;;;;x;;;;;;;;;;;;;;;;;;;;;;;;;;;
AVR_presidential_dictatorship;Aversa;Aversa;Aversa;;;;;;;;;;;x;;;;;;;;;;;;;;;;;;;;;;;;;;;
AVR_bourgeois_dictatorship;Aversa;Aversa;Aversa;;;;;;;;;;;x;;;;;;;;;;;;;;;;;;;;;;;;;;;
AVR_fascist_dictatorship;State Of Aversa;State Of Aversa;State Of Aversa;;;;;;;;;;;x;;;;;;;;;;;;;;;;;;;;;;;;;;;
AVR_absolute_monarchy;Duchy Of Aversa;Duchy Of Aversa;Duchy Of Aversa;;;;;;;;;;;x;;;;;;;;;;;;;;;;;;;;;;;;;;;
AVR_prussian_constitutionalism;Duchy Of Aversa;Aversa;Duchy Of Aversa;;;;;;;;;;;x;;;;;;;;;;;;;;;;;;;;;;;;;;;
AVR_hms_government;Duchy Of Aversa;Duchy Of Aversa;Duchy Of Aversa;;;;;;;;;;;x;;;;;;;;;;;;;;;;;;;;;;;;;;;
AVR_democracy;Republic Of Aversa;Republic Of Aversa;Republic Of Aversa;;;;;;;;;;;x;;;;;;;;;;;;;;;;;;;;;;;;;;;
AVR_reactionary;Restaurazionisti;Ristorazionista;Ristorazionista;;Ristorazionista;;;;;;;;;;;;;;;;;;;;;;;;;;;;;;;;;;;;
AVR_conservative;Moderati ;Moderati ;Moderati;;Moderati ;;;;;;;;;;;;;;;;;;;;;;;;;;;;;;;;;;;;
AVR_liberal;Riformisti ;Reformisti ;Reformisti;;Reformisti ;;;;;;;;;;;;;;;;;;;;;;;;;;;;;;;;;;;;
AVR_liberal_2;Liberale;Liberale;Liberali;;Liberale;;;;;;;;;;;;;;;;;;;;;;;;;;;;;;;;;;;;
AVR_socialist;Socialisti;Sozialisti;Sozialisti;;Sozialisti;;;;;;;;;;;;;;;;;;;;;;;;;;;;;;;;;;;;
AVR_conservative_2;Popolari;Popolari;Popolari;;Popolari;;;;;;;;;;;;;;;;;;;;;;;;;;;;;;;;;;;;
AVR_radical;Radicali;Radical;Radikali;;Radical;;;;;;;;;;;;;;;;;;;;;;;;;;;;;;;;;;;;
AVR_communist;Comunisti;Communistes;Communisti;;Comunista;;;;;;;;;;;;;;;;;;;;;;;;;;;;;;;;;;;;
AVR_fascist;Fascisti;Fasciste;Fascisti;;Fascista;;;;;;;;;;;;;;;;;;;;;;;;;;;;;;;;;;;;
;;;;;;x;;;;;;;;;;;;;;;;;;;;;;;;;;;;;;;;;;;
VIN;Vinland;Vinland;Vinland;;;;;;;;;;;;;;;;;;;;;;;;;;;;;;;;;;;;;;
VIN_colonial_company;Crown Colony of Vinland;;;;;;;;;;;;;;;;;;;;;;;;;;;;;;;;;;;;;;;;
VIN_dominion;Crown Colony of Vinland;;;;;;;;;;;;;;;;;;;;;;;;;;;;;;;;;;;;;;;;
VIN_ADJ;Vinlandic;Vinlandais;Vinländisch;;;;;;;;;;;;;;;;;;;;;;;;;;;;;;;;;;;;;;
VIN_reactionary_1;Rikets Samhald;;;;;;;;;;;;;;;;;;;;;;;;;;;;;;;;;;;;;;;;
VIN_reactionary_2;Tradisjonens Vaktarar;;;;;;;;;;;;;;;;;;;;;;;;;;;;;;;;;;;;;;;;
VIN_reactionary_3;Kristeleg Folkeparti;;;;;;;;;;;;;;;;;;;;;;;;;;;;;;;;;;;;;;;;
VIN_conservative_1;Føderalistane;;;;;;;;;;;;;;;;;;;;;;;;;;;;;;;;;;;;;;;;
VIN_conservative_2;Nordiske Folks Parti;;;;;;;;;;;;;;;;;;;;;;;;;;;;;;;;;;;;;;;;
VIN_conservative_3;Fedrelandslaget;;;;;;;;;;;;;;;;;;;;;;;;;;;;;;;;;;;;;;;;
VIN_liberal_1;Sønene av Patriotane;;;;;;;;;;;;;;;;;;;;;;;;;;;;;;;;;;;;;;;;
VIN_liberal_2;Venstre;;;;;;;;;;;;;;;;;;;;;;;;;;;;;;;;;;;;;;;;
VIN_liberal_3;Høgre;;;;;;;;;;;;;;;;;;;;;;;;;;;;;;;;;;;;;;;;
VIN_anarcho_liberal_1;Søndergaards Fylgjare;;;;;;;;;;;;;;;;;;;;;;;;;;;;;;;;;;;;;;;;
VIN_anarcho_liberal_2;Revolusjonens Bødlar;;;;;;;;;;;;;;;;;;;;;;;;;;;;;;;;;;;;;;;;
VIN_anarcho_liberal_3;Skarp­rettarane;;;;;;;;;;;;;;;;;;;;;;;;;;;;;;;;;;;;;;;;
VIN_communist_1;Raudt;;;;;;;;;;;;;;;;;;;;;;;;;;;;;;;;;;;;;;;;
VIN_communist_2;Arbeidarpartiet;;;;;;;;;;;;;;;;;;;;;;;;;;;;;;;;;;;;;;;;
VIN_fascist;Leifs Vikingar;;;;;;;;;;;;;;;;;;;;;;;;;;;;;;;;;;;;;;;;
VIN_socialist_1;Arbeidarpartiet;;;;;;;;;;;;;;;;;;;;;;;;;;;;;;;;;;;;;;;;
VIN_socialist_2;Raudt;;;;;;;;;;;;;;;;;;;;;;;;;;;;;;;;;;;;;;;;
;;;;;;x;;;;;;;;;;;;;;;;;;;;;;;;;;;;;;;;;;;
NEN;New Sjælland;New Sjælland;New Sjælland;;New Sjælland;;;;;;;;;x;;;;;;;;;;;;;;;;;;;;;;;;;;;
NEN_ADJ;New-Sjællander;New-Sjællander;New-Sjællander;;New-Sjællander;;;;;;;;;x;;;;;;;;;;;;;;;;;;;;;;;;;;;
NEN_liberal;Sønene av Patriotane;;;;;;;;;;;;;;;;;;;;;;;;;;;;;;;;;;;;;;;;
NEN_conservative;Føderalistane;;;;;;;;;;;;;;;;;;;;;;;;;;;;;;;;;;;;;;;;
NEN_liberal_2;Venstre;;;;;;;;;;;;;;;;;;;;;;;;;;;;;;;;;;;;;;;;
NEN_socialist;Arbeidarpartiet;;;;;;;;;;;;;;;;;;;;;;;;;;;;;;;;;;;;;;;;
NEN_reactionary;Rikets Samhald;;;;;;;;;;;;;;;;;;;;;;;;;;;;;;;;;;;;;;;;
NEN_anarcho_liberal;Søndergaards Fylgjare;;;;;;;;;;;;;;;;;;;;;;;;;;;;;;;;;;;;;;;;
NEN_communist;Raudt;;;;;;;;;;;;;;;;;;;;;;;;;;;;;;;;;;;;;;;;
NEN_fascist;Leifs Vikingar;;;;;;;;;;;;;;;;;;;;;;;;;;;;;;;;;;;;;;;;
;;;;;;x;;;;;;;;;;;;;;;;;;;;;;;;;;;;;;;;;;;
KNT_ADJ;Karolean;Karolean;Karolean;;;;;;;;;;;x;;;;;;;;;;;;;;;;;;;;;;;;;;;
KNT;Karlant;Karlant;Karlant;;;;;;;;;;;x;;;;;;;;;;;;;;;;;;;;;;;;;;;
KNT_proletarian_dictatorship;Karlant;Karlant;Karlant;;;;;;;;;;;x;;;;;;;;;;;;;;;;;;;;;;;;;;;
KNT_presidential_dictatorship;Karlant;Karlant;Karlant;;;;;;;;;;;x;;;;;;;;;;;;;;;;;;;;;;;;;;;
KNT_bourgeois_dictatorship;Karlant;Karlant;Karlant;;;;;;;;;;;x;;;;;;;;;;;;;;;;;;;;;;;;;;;
KNT_fascist_dictatorship;Karlant;Karlant;Karlant;;;;;;;;;;;x;;;;;;;;;;;;;;;;;;;;;;;;;;;
KNT_absolute_monarchy;Karlant;Karlant;Karlant;;;;;;;;;;;x;;;;;;;;;;;;;;;;;;;;;;;;;;;
KNT_prussian_constitutionalism;Karlant;Karlant;Karlant;;;;;;;;;;;x;;;;;;;;;;;;;;;;;;;;;;;;;;;
KNT_hms_government;Karlant;Karlant;Karlant;;;;;;;;;;;x;;;;;;;;;;;;;;;;;;;;;;;;;;;
KNT_democracy;Karlant;Karlant;Karlant;;;;;;;;;;;x;;;;;;;;;;;;;;;;;;;;;;;;;;;
KRL_conservative_92;Conservatives;Conservatives;Conservatives;;;;;;;;;;;x;;;;;;;;;;;;;;;;;;;;;;;;;;;
KRL_liberal_79;Liberals;Liberals;Liberals;;;;;;;;;;;x;;;;;;;;;;;;;;;;;;;;;;;;;;;
KRL_liberal_87;National Liberals;National Liberals;National Liberals;;;;;;;;;;;x;;;;;;;;;;;;;;;;;;;;;;;;;;;
KRL_socialist_85;Socialists;Socialists;Socialists;;;;;;;;;;;x;;;;;;;;;;;;;;;;;;;;;;;;;;;
KRL_socialist_99;National Socialists;National Socialists;National Socialists;;;;;;;;;;;x;;;;;;;;;;;;;;;;;;;;;;;;;;;
KRL_reactionary_84;Monarchy Leadership;Monarchy Leadership;Monarchy Leadership;;;;;;;;;;;x;;;;;;;;;;;;;;;;;;;;;;;;;;;
KRL_anarcho_liberal_93;Radical Liberals;Radical Liberals;Radical Liberals;;;;;;;;;;;x;;;;;;;;;;;;;;;;;;;;;;;;;;;
KRL_communist_86;Communists;Communists;Communists;;;;;;;;;;;x;;;;;;;;;;;;;;;;;;;;;;;;;;;
KRL_fascist_72;Fascists;Fascists;Fascists;;;;;;;;;;;x;;;;;;;;;;;;;;;;;;;;;;;;;;;
;;;;;;x;;;;;;;;;;;;;;;;;;;;;;;;;;;;;;;;;;;
;;;;;;x;;;;;;;;;;;;;;;;;;;;;;;;;;;;;;;;;;;
;;;;;;x;;;;;;;;;;;;;;;;;;;;;;;;;;;;;;;;;;;
;;;;;;x;;;;;;;;;;;;;;;;;;;;;;;;;;;;;;;;;;;
AAA_anarcho_liberal_1;Revolutionary Republicans;;;;;;;;;;;;;;;;;;;;;;;;;;;;;;;;;;;;;;;;
AAA_anarcho_liberal_2;Radicalist Party;;;;;;;;;;;;;;;;;;;;;;;;;;;;;;;;;;;;;;;;
AAA_communist_1;Workers' Party;;;;;;;;;;;;;;;;;;;;;;;;;;;;;;;;;;;;;;;;
AAA_communist_2;Internationalists;;;;;;;;;;;;;;;;;;;;;;;;;;;;;;;;;;;;;;;;
AAA_conservative_1;Loyalists;;;;;;;;;;;;;;;;;;;;;;;;;;;;;;;;;;;;;;;;
AAA_conservative_2;Centrists;;;;;;;;;;;;;;;;;;;;;;;;;;;;;;;;;;;;;;;;
AAA_conservative_3;Monarchists;;;;;;;;;;;;;;;;;;;;;;;;;;;;;;;;;;;;;;;;
AAA_conservative_4;Moderates;;;;;;;;;;;;;;;;;;;;;;;;;;;;;;;;;;;;;;;;
AAA_conservative_5;National Democratic Party;;;;;;;;;;;;;;;;;;;;;;;;;;;;;;;;;;;;;;;;
AAA_fascist_1;Patriotic Front;;;;;;;;;;;;;;;;;;;;;;;;;;;;;;;;;;;;;;;;
AAA_fascist_2;Phalanxists;;;;;;;;;;;;;;;;;;;;;;;;;;;;;;;;;;;;;;;;
AAA_liberal_1;Republican Party;;;;;;;;;;;;;;;;;;;;;;;;;;;;;;;;;;;;;;;;
AAA_liberal_2;Parliamentarists;;;;;;;;;;;;;;;;;;;;;;;;;;;;;;;;;;;;;;;;
AAA_liberal_3;Reformists;;;;;;;;;;;;;;;;;;;;;;;;;;;;;;;;;;;;;;;;
AAA_liberal_4;Liberal Democrats;;;;;;;;;;;;;;;;;;;;;;;;;;;;;;;;;;;;;;;;
AAA_liberal_5;National Liberal Party;;;;;;;;;;;;;;;;;;;;;;;;;;;;;;;;;;;;;;;;
AAA_reactionary_1;Traditionalists;;;;;;;;;;;;;;;;;;;;;;;;;;;;;;;;;;;;;;;;
AAA_reactionary_2;Restorationists;;;;;;;;;;;;;;;;;;;;;;;;;;;;;;;;;;;;;;;;
AAA_social_liberal_1;Social-Liberals;;;;;;;;;;;;;;;;;;;;;;;;;;;;;;;;;;;;;;;;
AAA_market_liberal_1;Free Trade Party;;;;;;;;;;;;;;;;;;;;;;;;;;;;;;;;;;;;;;;;
AAA_market_liberal_2;Order and Liberty Party;;;;;;;;;;;;;;;;;;;;;;;;;;;;;;;;;;;;;;;;
AAA_socialist_1;National Socialists;;;;;;;;;;;;;;;;;;;;;;;;;;;;;;;;;;;;;;;;
AAA_socialist_2;Labour Party;;;;;;;;;;;;;;;;;;;;;;;;;;;;;;;;;;;;;;;;
AAA_socialist_3;People's Party;;;;;;;;;;;;;;;;;;;;;;;;;;;;;;;;;;;;;;;;
AAA_socialist_4;Social Democrats;;;;;;;;;;;;;;;;;;;;;;;;;;;;;;;;;;;;;;;;
AAA_socialist_5;Progressivists;;;;;;;;;;;;;;;;;;;;;;;;;;;;;;;;;;;;;;;;
AOM;Aromania;;;;;;;;;;;x; ;;;;;;;;;;;;;;;;;;;;;;;;;;;;
AOM_colonial_company;Ullah Millet;;;;;;;;;;;x;;;;;;;;;;;;;;;;;;;;;;;;;;;;;
AOM_dominion;Ullah Millet;;;;;;;;;;;x;;;;;;;;;;;;;;;;;;;;;;;;;;;;;
AOM_ADJ;Aromanian;;;;;;;;;;;x;;;;;;;;;;;;;;;;;;;;;;;;;;;;;
EPI;Epirus;;;;;;;;;;;x;;;;;;;;;;;;;;;;;;;;;;;;;;;;;
EPI_colonial_company;Epir;;;;;;;;;;;x;;;;;;;;;;;;;;;;;;;;;;;;;;;;;
EPI_dominion;Epir;;;;;;;;;;;x;;;;;;;;;;;;;;;;;;;;;;;;;;;;;
EPI_ADJ;Epirote;;;;;;;;;;;x;;;;;;;;;;;;;;;;;;;;;;;;;;;;;
DBJ;Dobruja;;;;;;;;;;;x;;;;;;;;;;;;;;;;;;;;;;;;;;;;;
DBJ_colonial_company;Despotatul Dobrogei;;;;;;;;;;;x;;;;;;;;;;;;;;;;;;;;;;;;;;;;;
DBJ_dominion;Despotatul Dobrogei;;;;;;;;;;;x;;;;;;;;;;;;;;;;;;;;;;;;;;;;;
DBJ_ADJ;Dobrujan;;;;;;;;;;;x;;;;;;;;;;;;;;;;;;;;;;;;;;;;;
WAL_colonial_company;Sark-i Rumeli Viyaleti;;;;;;;;;;;x;;;;;;;;;;;;;;;;;;;;;;;;;;;;;
WAL_dominion;Sark-i Rumeli Viyaleti;;;;;;;;;;;x;;;;;;;;;;;;;;;;;;;;;;;;;;;;;
MOL_colonial_company;Moezya Eyaleti;;;;;;;;;;;x;;;;;;;;;;;;;;;;;;;;;;;;;;;;;
MOL_dominion;Moezya Eyaleti;;;;;;;;;;;x;;;;;;;;;;;;;;;;;;;;;;;;;;;;;
GRE_colonial_company;Ellinikí Dimokratía;;;;;;;;;;;x;;;;;;;;;;;;;;;;;;;;;;;;;;;;;
GRE_dominion;Ellinikí Dimokratía;;;;;;;;;;;x;;;;;;;;;;;;;;;;;;;;;;;;;;;;;
ALB_colonial_company;Vilâyet-i Arnavid;;;;;;;;;;;x;;;;;;;;;;;;;;;;;;;;;;;;;;;;;
ALB_dominion;Vilâyet-i Arnavid;;;;;;;;;;;x;;;;;;;;;;;;;;;;;;;;;;;;;;;;;
MUS_ADJ;Muscovite;Muscovite;Muscovite;;;;;;;;;;;x;;;;;;;;;;;;;;;;;;;;;;;;;;;
MUS;Principality of Tver;;;;;;;;;;;;;;x;;;;;;;;;;;;;;
MUS_ADJ;Tverite;;;;;;;;;;;;;;x;;;;;;;;;;;;;;;;;;;;;
LUS_ADJ;Lusofonic;Lusofonic;Lusofonic;;;;;;;;;;;x;;;;;;;;;;;;;;;;;;;;;;;;;;;
LUS;Luson;Luson;Luson;;;;;;;;;;;x;;;;;;;;;;;;;;;;;;;;;;;;;;;
LUS_proletarian_dictatorship;Lusofonic Commune;Lusofonic Commune;Lusofonic Commune;;;;;;;;;;;x;;;;;;;;;;;;;;;;;;;;;;;;;;;
LUS_presidential_dictatorship;Republic of Luson;Republic of Luson;Republic of Luson;;;;;;;;;;;x;;;;;;;;;;;;;;;;;;;;;;;;;;;
LUS_bourgeois_dictatorship;Luson;Luson;Luson;;;;;;;;;;;x;;;;;;;;;;;;;;;;;;;;;;;;;;;
LUS_fascist_dictatorship;Lisbon Federation;Lisbon Federation;Lisbon Federation;;;;;;;;;;;x;;;;;;;;;;;;;;;;;;;;;;;;;;;
LUS_absolute_monarchy;Kingdom of Luson;Kingdom of Luson;Kingdom of Luson;;;;;;;;;;;x;;;;;;;;;;;;;;;;;;;;;;;;;;;
LUS_prussian_constitutionalism;Luson;Luson;Luson;;;;;;;;;;;x;;;;;;;;;;;;;;;;;;;;;;;;;;;
LUS_hms_government;Luson;Luson;Luson;;;;;;;;;;;x;;;;;;;;;;;;;;;;;;;;;;;;;;;
LUS_democracy;Lusofonic Republic;Lusofonic Republic;Lusofonic Republic;;;;;;;;;;;x;;;;;;;;;;;;;;;;;;;;;;;;;;;
LUS_conservative_92;Conservatives;Conservatives;Conservatives;;;;;;;;;;;x;;;;;;;;;;;;;;;;;;;;;;;;;;;
LUS_liberal_79;Liberals;Liberals;Liberals;;;;;;;;;;;x;;;;;;;;;;;;;;;;;;;;;;;;;;;
LUS_liberal_87;National Liberals;National Liberals;National Liberals;;;;;;;;;;;x;;;;;;;;;;;;;;;;;;;;;;;;;;;
LUS_socialist_85;Socialists;Socialists;Socialists;;;;;;;;;;;x;;;;;;;;;;;;;;;;;;;;;;;;;;;
LUS_socialist_99;National Socialists;National Socialists;National Socialists;;;;;;;;;;;x;;;;;;;;;;;;;;;;;;;;;;;;;;;
LUS_reactionary_84;Monarchy Leadership;Monarchy Leadership;Monarchy Leadership;;;;;;;;;;;x;;;;;;;;;;;;;;;;;;;;;;;;;;;
LUS_anarcho_liberal_93;Radical Liberals;Radical Liberals;Radical Liberals;;;;;;;;;;;x;;;;;;;;;;;;;;;;;;;;;;;;;;;
LUS_communist_86;Communists;Communists;Communists;;;;;;;;;;;x;;;;;;;;;;;;;;;;;;;;;;;;;;;
LUS_fascist_72;Fascists;Fascists;Fascists;;;;;;;;;;;x;;;;;;;;;;;;;;;;;;;;;;;;;;;
CEL_ADJ;Prydeinig;Prydeinig;Prydeinig;;;;;;;;;;;x;;;;;;;;;;;;;;;;;;;;;;;;;;;
CEL;Prydain;Prydain;Prydain;;;;;;;;;;;x;;;;;;;;;;;;;;;;;;;;;;;;;;;
CEL_proletarian_dictatorship;Prydain;Prydain;Prydain;;;;;;;;;;;x;;;;;;;;;;;;;;;;;;;;;;;;;;;
CEL_presidential_dictatorship;Prydain;Prydain;Prydain;;;;;;;;;;;x;;;;;;;;;;;;;;;;;;;;;;;;;;;
CEL_bourgeois_dictatorship;Prydain;Prydain;Prydain;;;;;;;;;;;x;;;;;;;;;;;;;;;;;;;;;;;;;;;
CEL_fascist_dictatorship;Prydain;Prydain;Prydain;;;;;;;;;;;x;;;;;;;;;;;;;;;;;;;;;;;;;;;
CEL_absolute_monarchy;Prydain;Prydain;Prydain;;;;;;;;;;;x;;;;;;;;;;;;;;;;;;;;;;;;;;;
CEL_prussian_constitutionalism;Prydain;Prydain;Prydain;;;;;;;;;;;x;;;;;;;;;;;;;;;;;;;;;;;;;;;
CEL_hms_government;Prydain;Prydain;Prydain;;;;;;;;;;;x;;;;;;;;;;;;;;;;;;;;;;;;;;;
CEL_democracy;Prydain;Prydain;Prydain;;;;;;;;;;;x;;;;;;;;;;;;;;;;;;;;;;;;;;;
CEL_conservative_92;Conservatives;Conservatives;Conservatives;;;;;;;;;;;x;;;;;;;;;;;;;;;;;;;;;;;;;;;
CEL_liberal_79;Liberals;Liberals;Liberals;;;;;;;;;;;x;;;;;;;;;;;;;;;;;;;;;;;;;;;
CEL_liberal_87;National Liberals;National Liberals;National Liberals;;;;;;;;;;;x;;;;;;;;;;;;;;;;;;;;;;;;;;;
CEL_socialist_85;Socialists;Socialists;Socialists;;;;;;;;;;;x;;;;;;;;;;;;;;;;;;;;;;;;;;;
CEL_socialist_99;National Socialists;National Socialists;National Socialists;;;;;;;;;;;x;;;;;;;;;;;;;;;;;;;;;;;;;;;
CEL_reactionary_84;Monarchy Leadership;Monarchy Leadership;Monarchy Leadership;;;;;;;;;;;x;;;;;;;;;;;;;;;;;;;;;;;;;;;
CEL_anarcho_liberal_93;Radical Liberals;Radical Liberals;Radical Liberals;;;;;;;;;;;x;;;;;;;;;;;;;;;;;;;;;;;;;;;
CEL_communist_86;Communists;Communists;Communists;;;;;;;;;;;x;;;;;;;;;;;;;;;;;;;;;;;;;;;
CEL_fascist_72;Fascists;Fascists;Fascists;;;;;;;;;;;x;;;;;;;;;;;;;;;;;;;;;;;;;;;
NEM_ADJ;Nemch;Nemch;Nemch;;;;;;;;;;;x;;;;;;;;;;;;;;;;;;;;;;;;;;;
NEM;Nemchland;Nemchland;Nemchland;;;;;;;;;;;x;;;;;;;;;;;;;;;;;;;;;;;;;;;
NEM_proletarian_dictatorship;Nemchland;Nemchland;Nemchland;;;;;;;;;;;x;;;;;;;;;;;;;;;;;;;;;;;;;;;
NEM_presidential_dictatorship;Nemchland;Nemchland;Nemchland;;;;;;;;;;;x;;;;;;;;;;;;;;;;;;;;;;;;;;;
NEM_bourgeois_dictatorship;Nemchland;Nemchland;Nemchland;;;;;;;;;;;x;;;;;;;;;;;;;;;;;;;;;;;;;;;
NEM_fascist_dictatorship;Nemchland;Nemchland;Nemchland;;;;;;;;;;;x;;;;;;;;;;;;;;;;;;;;;;;;;;;
NEM_absolute_monarchy;Nemchland;Nemchland;Nemchland;;;;;;;;;;;x;;;;;;;;;;;;;;;;;;;;;;;;;;;
NEM_prussian_constitutionalism;Nemchland;Nemchland;Nemchland;;;;;;;;;;;x;;;;;;;;;;;;;;;;;;;;;;;;;;;
NEM_hms_government;Nemchland;Nemchland;Nemchland;;;;;;;;;;;x;;;;;;;;;;;;;;;;;;;;;;;;;;;
NEM_democracy;Nemchland;Nemchland;Nemchland;;;;;;;;;;;x;;;;;;;;;;;;;;;;;;;;;;;;;;;
NEM_conservative_92;Conservatives;Conservatives;Conservatives;;;;;;;;;;;x;;;;;;;;;;;;;;;;;;;;;;;;;;;
NEM_liberal_79;Liberals;Liberals;Liberals;;;;;;;;;;;x;;;;;;;;;;;;;;;;;;;;;;;;;;;
NEM_liberal_87;National Liberals;National Liberals;National Liberals;;;;;;;;;;;x;;;;;;;;;;;;;;;;;;;;;;;;;;;
NEM_socialist_85;Socialists;Socialists;Socialists;;;;;;;;;;;x;;;;;;;;;;;;;;;;;;;;;;;;;;;
NEM_socialist_99;National Socialists;National Socialists;National Socialists;;;;;;;;;;;x;;;;;;;;;;;;;;;;;;;;;;;;;;;
NEM_reactionary_84;Monarchy Leadership;Monarchy Leadership;Monarchy Leadership;;;;;;;;;;;x;;;;;;;;;;;;;;;;;;;;;;;;;;;
NEM_anarcho_liberal_93;Radical Liberals;Radical Liberals;Radical Liberals;;;;;;;;;;;x;;;;;;;;;;;;;;;;;;;;;;;;;;;
NEM_communist_86;Communists;Communists;Communists;;;;;;;;;;;x;;;;;;;;;;;;;;;;;;;;;;;;;;;
NEM_fascist_72;Fascists;Fascists;Fascists;;;;;;;;;;;x;;;;;;;;;;;;;;;;;;;;;;;;;;;
BAD;Swabia;;;;;;;;;;;;;;x;;;;;;;;;;;;;;;;;;;;;;;;;;
BAD_ADJ;Swabian;;;;;;;;;;;;;;x;;;;;;;;;;;;;;;;;;;;;;;;;;
CZH;Wendiskarike;;;;;;;;;;;;;;x;;;;;;;;;;;;;;;;;;;;;;;;;;
CZH_ADJ;Wend;;;;;;;;;;;;;;x;;;;;;;;;;;;;;;;;;;;;;;;;;
NET_ADJ;Hollent;Hollent;Hollent;;;;;;;;;;;x;;;;;;;;;;;;;;;;;;;;;;;;;;;
NET;Holtlant;;;;;;;;;;;x;;;;;;;;;;;;;;;;;;;;;;;;;;;;;
NET_proletarian_dictatorship;Holtlant;;;;;;;;;;;x;;;;;;;;;;;;;;;;;;;;;;;;;;;;;
NET_presidential_dictatorship;Holtlant;;;;;;;;;;;x;;;;;;;;;;;;;;;;;;;;;;;;;;;;;
NET_bourgeois_dictatorship;Holtlant;;;;;;;;;;;x;;;;;;;;;;;;;;;;;;;;;;;;;;;;;
NET_fascist_dictatorship;Holtlant;;;;;;;;;;;x;;;;;;;;;;;;;;;;;;;;;;;;;;;;;
NET_absolute_monarchy;Holtlant;;;;;;;;;;;x;;;;;;;;;;;;;;;;;;;;;;;;;;;;;
NET_prussian_constitutionalism;Holtlant;;;;;;;;;;;x;;;;;;;;;;;;;;;;;;;;;;;;;;;;;
NET_hms_government;Holtlant;;;;;;;;;;;x;;;;;;;;;;;;;;;;;;;;;;;;;;;;;
NET_democracy;Holtlant;;;;;;;;;;;x;;;;;;;;;;;;;;;;;;;;;;;;;;;;;
NET_conservative_92;Conservatives;Conservatives;Conservatives;;;;;;;;;;;x;;;;;;;;;;;;;;;;;;;;;;;;;;;
NET_liberal_79;Liberals;Liberals;Liberals;;;;;;;;;;;x;;;;;;;;;;;;;;;;;;;;;;;;;;;
NET_liberal_87;National Liberals;National Liberals;National Liberals;;;;;;;;;;;x;;;;;;;;;;;;;;;;;;;;;;;;;;;
NET_socialist_85;Socialists;Socialists;Socialists;;;;;;;;;;;x;;;;;;;;;;;;;;;;;;;;;;;;;;;
NET_socialist_99;National Socialists;National Socialists;National Socialists;;;;;;;;;;;x;;;;;;;;;;;;;;;;;;;;;;;;;;;
NET_reactionary_84;Monarchy Leadership;Monarchy Leadership;Monarchy Leadership;;;;;;;;;;;x;;;;;;;;;;;;;;;;;;;;;;;;;;;
NET_anarcho_liberal_93;Radical Liberals;Radical Liberals;Radical Liberals;;;;;;;;;;;x;;;;;;;;;;;;;;;;;;;;;;;;;;;
NET_communist_86;Communists;Communists;Communists;;;;;;;;;;;x;;;;;;;;;;;;;;;;;;;;;;;;;;;
NET_fascist_72;Fascists;Fascists;Fascists;;;;;;;;;;;x;;;;;;;;;;;;;;;;;;;;;;;;;;;
AST;Austral Federation;;;;;;;;;;;;;;x;;;;;;;;;;;;;;;;;;;;;;;;;;
AST_ADJ;Austral;;;;;;;;;;;;;;x;;;;;;;;;;;;;;;;;;;;;;;;;;
PDN_ADJ;Padan;Padan;Padan;;;;;;;;;;;x;;;;;;;;;;;;;;;;;;;;;;;;;;;
PDN;Padanian Federation;Padanian Federation;Padanian Federation;;;;;;;;;;;x;;;;;;;;;;;;;;;;;;;;;;;;;;;
PDN_proletarian_dictatorship;Padania;Padania;Padania;;;;;;;;;;;x;;;;;;;;;;;;;;;;;;;;;;;;;;;
PDN_presidential_dictatorship;Padan Republic;Padan Republic;Padan Republic;;;;;;;;;;;x;;;;;;;;;;;;;;;;;;;;;;;;;;;
PDN_bourgeois_dictatorship;Padania;Padania;Padania;;;;;;;;;;;x;;;;;;;;;;;;;;;;;;;;;;;;;;;
PDN_fascist_dictatorship;Padania;Padania;Padania;;;;;;;;;;;x;;;;;;;;;;;;;;;;;;;;;;;;;;;
PDN_absolute_monarchy;Padanian Federation;Padanian Federation;Padanian Federation;;;;;;;;;;;x;;;;;;;;;;;;;;;;;;;;;;;;;;;
PDN_prussian_constitutionalism;Padanian Federation;Padanian Federation;Padanian Federation;;;;;;;;;;;x;;;;;;;;;;;;;;;;;;;;;;;;;;;
PDN_hms_government;Padanian Federation;Padanian Federation;Padanian Federation;;;;;;;;;;;x;;;;;;;;;;;;;;;;;;;;;;;;;;;
PDN_democracy;Padan Republic;Padan Republic;Padan Republic;;;;;;;;;;;x;;;;;;;;;;;;;;;;;;;;;;;;;;;
PDN_conservative_92;Conservatives;Conservatives;Conservatives;;;;;;;;;;;x;;;;;;;;;;;;;;;;;;;;;;;;;;;
PDN_liberal_79;Liberals;Liberals;Liberals;;;;;;;;;;;x;;;;;;;;;;;;;;;;;;;;;;;;;;;
PDN_liberal_87;National Liberals;National Liberals;National Liberals;;;;;;;;;;;x;;;;;;;;;;;;;;;;;;;;;;;;;;;
PDN_socialist_85;Socialists;Socialists;Socialists;;;;;;;;;;;x;;;;;;;;;;;;;;;;;;;;;;;;;;;
PDN_socialist_99;National Socialists;National Socialists;National Socialists;;;;;;;;;;;x;;;;;;;;;;;;;;;;;;;;;;;;;;;
PDN_reactionary_84;Monarchy Leadership;Monarchy Leadership;Monarchy Leadership;;;;;;;;;;;x;;;;;;;;;;;;;;;;;;;;;;;;;;;
PDN_anarcho_liberal_93;Radical Liberals;Radical Liberals;Radical Liberals;;;;;;;;;;;x;;;;;;;;;;;;;;;;;;;;;;;;;;;
PDN_communist_86;Communists;Communists;Communists;;;;;;;;;;;x;;;;;;;;;;;;;;;;;;;;;;;;;;;
PDN_fascist_72;Fascists;Fascists;Fascists;;;;;;;;;;;x;;;;;;;;;;;;;;;;;;;;;;;;;;;
PLC;Slavic Commonwealth;;;;;;;;;;;;;;x;;;;;;;;;;;;;;;;;;;;;;;;;;
PLC_ADJ;Polish-Ruthenian;;;;;;;;;;;;;;x;;;;;;;;;;;;;;;;;;;;;;;;;;
SLA_ADJ;Slavic;Slavic;Slavic;;;;;;;;;;;x;;;;;;;;;;;;;;;;;;;;;;;;;;;
SLA;Slavia;Slavia;Slavia;;;;;;;;;;;x;;;;;;;;;;;;;;;;;;;;;;;;;;;
SLA_proletarian_dictatorship;Soviet Union;Soviet Union;Soviet Union;;;;;;;;;;;x;;;;;;;;;;;;;;;;;;;;;;;;;;;
SLA_presidential_dictatorship;Slavic Republic;Slavic Republic;Slavic Republic;;;;;;;;;;;x;;;;;;;;;;;;;;;;;;;;;;;;;;;
SLA_bourgeois_dictatorship;Slavia;Slavia;Slavia;;;;;;;;;;;x;;;;;;;;;;;;;;;;;;;;;;;;;;;
SLA_fascist_dictatorship;Slavic Empire;Slavic Empire;Slavic Empire;;;;;;;;;;;x;;;;;;;;;;;;;;;;;;;;;;;;;;;
SLA_absolute_monarchy;Slavia;Slavia;Slavia;;;;;;;;;;;x;;;;;;;;;;;;;;;;;;;;;;;;;;;
SLA_prussian_constitutionalism;Slavia;Slavia;Slavia;;;;;;;;;;;x;;;;;;;;;;;;;;;;;;;;;;;;;;;
SLA_hms_government;Slavia;Slavia;Slavia;;;;;;;;;;;x;;;;;;;;;;;;;;;;;;;;;;;;;;;
SLA_democracy;Slavic Republic;Slavic Republic;Slavic Republic;;;;;;;;;;;x;;;;;;;;;;;;;;;;;;;;;;;;;;;
SLA_conservative_92;Conservatives;Conservatives;Conservatives;;;;;;;;;;;x;;;;;;;;;;;;;;;;;;;;;;;;;;;
SLA_liberal_79;Liberals;Liberals;Liberals;;;;;;;;;;;x;;;;;;;;;;;;;;;;;;;;;;;;;;;
SLA_liberal_87;National Liberals;National Liberals;National Liberals;;;;;;;;;;;x;;;;;;;;;;;;;;;;;;;;;;;;;;;
SLA_socialist_85;Socialists;Socialists;Socialists;;;;;;;;;;;x;;;;;;;;;;;;;;;;;;;;;;;;;;;
SLA_socialist_99;National Socialists;National Socialists;National Socialists;;;;;;;;;;;x;;;;;;;;;;;;;;;;;;;;;;;;;;;
SLA_reactionary_84;Monarchy Leadership;Monarchy Leadership;Monarchy Leadership;;;;;;;;;;;x;;;;;;;;;;;;;;;;;;;;;;;;;;;
SLA_anarcho_liberal_93;Radical Liberals;Radical Liberals;Radical Liberals;;;;;;;;;;;x;;;;;;;;;;;;;;;;;;;;;;;;;;;
SLA_communist_86;Communists;Communists;Communists;;;;;;;;;;;x;;;;;;;;;;;;;;;;;;;;;;;;;;;
SLA_fascist_72;Fascists;Fascists;Fascists;;;;;;;;;;;x;;;;;;;;;;;;;;;;;;;;;;;;;;;
BOS;Morlachia;;;;;;;;;;;;;;x;;;;;;;;;;;;;;;;;;;;;;;;;;
BOS_ADJ;Morlachian;;;;;;;;;;;;;;x;;;;;;;;;;;;;;;;;;;;;;;;;;
MON;Tamishrad;;;;;;;;;;;;;;x;;;;;;;;;;;;;;;;;;;;;;;;;;
MON_ADJ;Tamishradi;;;;;;;;;;;;;;x;;;;;;;;;;;;;;;;;;;;;;;;;;
TRN;Nye Amsteldam;;;;;;;;;;;;;;x;;;;;;;;;;;;;;;;;;;;;;;;;;
TRN_ADJ;Boer;;;;;;;;;;;;;;x;;;;;;;;;;;;;;;;;;;;;;;;;;
MRV;Magna Rümena;;;;;;;;;;;;;;x;;;;;;;;;;;;;;;;;;;;;;;;;;
MRV_ADJ;Romanian;;;;;;;;;;;;;;x;;;;;;;;;;;;;;;;;;;;;;;;;;
MRV_radical;Radical Party;Parti Radical;Radikale Partei;Partia Radykalna;Partido Radical;Partito Radicale;Radikális Párt;Radikální Strana;Radikális Párt;Radicale Partij;Partido Radical;Ðàäèêàëüíàÿ Ïàðòèÿ;Radikaalipuolue;;;;;;;;;;;;;;;;;;;;;;;;;;;;
MRV_communist;Communist Party;Parti Communiste;Kommunistische Partei;Partia Komunistyczna;Partido Comunista;Partito Comunista;Kommunista Párt;Komunistická Strana;Kommunista Párt;Communistische Partij;Partido Comunista;Êîììóíèñòè÷åñêàÿ Ïàðòèÿ;Kommunistinenpuolue;;;;;;;;;;;;;;;;;;;;;;;;;;;;
MRV_conservative;Conservative Party;Parti Conservateur;Konservative Partei;Partia Konserwatywna;Partido Conservador;Partito Conservatore;Konzervatív Párt;Konzervativní Strana;Konzervatív Párt;Conservatieve Partij;Partido Conservador;Êîíñåðâàòèâíàÿ Ïàðòèÿ;Konservatiivipuolue;;;;;;;;;;;;;;;;;;;;;;;;;;;;
MRV_fascist;Fascist Party;Parti Fasciste;Faschistische Partei;Partia Faszystowska;Partido Fascista;Partito Fascista;Fasiszta Párt;Faistická Strana;Fasiszta Párt;Fascistische Partij;Partido Fascista;Ôàøèñòñêàÿ Ïàðòèÿ;Fasistinenpuolue;;;;;;;;;;;;;;;;;;;;;;;;;;;;
MRV_liberal;Liberal Party;Parti Libéral;Liberale Partei;Partia Liberalna;Partido Liberal;Partito Liberale;Liberális Párt;Liberální Strana;Liberális Párt;Liberale Partij;Partido Liberal;Ëèáåðàëüíàÿ Ïàðòèÿ;Liberaalipuolue;;;;;;;;;;;;;;;;;;;;;;;;;;;;
MRV_reactionary;National Party;Parti National;Nationale Partei;Partia Narodowa;Partido Nacional;Partito Nazionale;Nemzeti Párt;Národní Strana;Nemzeti Párt;Nationale Partij;Partido Nacional;Íàöèîíàëüíàÿ Ïàðòèÿ;Kansallispuolue;;;;;;;;;;;;;;;;;;;;;;;;;;;;
MRV_socialist;Socialist Party;Parti Socialiste;Sozialistische Partei;Partia Socjalistyczna;Partido Socialista;Partito Socialista;Szocialista Párt;Socialistická Strana;Szocialista Párt;Socialistische Partij;Partido Socialista;Ñîöèàëèñòè÷åñêàÿ Ïàðòèÿ;Sosialistinenpuolue;;;;;;;;;;;;;;;;;;;;;;;;;;;;
SLV_absolute_monarchy;Nitra;;;;;;;;;;;;x;;;;;;;;;;;;;;;;;;;;;;;;;;;;
SLV_hms_government;Nitra;;;;;;;;;;;;x;;;;;;;;;;;;;;;;;;;;;;;;;;;;
SLV_prussian_constitutionalism;Nitra;;;;;;;;;;;;x;;;;;;;;;;;;;;;;;;;;;;;;;;;;
SLS_conservative;National Committee;;;;;;;;;;;;;;;;;;x;;;;;;;;;;;;;;;;;;;;;;
SLS_liberal;Democratic Society;;;;;;;;;;;;;;;;;;x;;;;;;;;;;;;;;;;;;;;;;
SLS_liberal_2;Farmers' Party;;;;;;;;;;;;;;;;;;x;;;;;;;;;;;;;;;;;;;;;;
SLS_socialist;Workers' Alliance;;;;;;;;;;;;;;;;;;x;;;;;;;;;;;;;;;;;;;;;;
SLS_conservative_2;National Party;;;;;;;;;;;;;;;;;;x;;;;;;;;;;;;;;;;;;;;;;
SLS_reactionary;Szlachta;;;;;;;;;;;;;;;;;;x;;;;;;;;;;;;;;;;;;;;;;
SLS_anarcho_liberal;Radical Party;;;;;;;;;;;;;;;;;;x;;;;;;;;;;;;;;;;;;;;;;
SLS_communist;Communist Party;;;;;;;;;;;;;;;;;;x;;;;;;;;;;;;;;;;;;;;;;
SLS_fascist;National-Radical Camps;;;;;;;;;;;;;;;;;;x;;;;;;;;;;;;;;;;;;;;;;
;;;;;;;;;;;;;;;;;;;;;;;;;;;;;;;;;;;;;;;;;
SIC;Southern Italian Confederation;;;;;;;;;;;;;;;;;;;;;;;;;;;;;;;;;;;;;;;;
SIC_fascist_dictatorship;Military Order of Southern Italy;;;;;;;;;;;;;;;;;;;;;;;;;;;;;;;;;;;;;;;;
SIC_absolute_monarchy;Kingdom of Sicily;;;;;;;;;;;;;;;;;;;;;;;;;;;;;;;;;;;;;;;;
SIC_ADJ;Southern Italian;;;;;;;;;;;;;;;;;;;;;;;;;;;;;;;;;;;;;;;;
afro_brazilian;Afro-Selbapunic;;;;;;;;;;;;;;;;;;;;;;;;;;;;;;;;;;;;;;;;
;;;;;;;;;;;;;;;;;;;;;;;;;;;;;;;;;;;;;;;;;
KRT_proletarian_dictatorship;Uniòne de sas Repùbbricas Sotzialìstas Selbapùnniche;;;;;;;;;;;;;;;;;;;;;;;;;;;;;;;;;;;;;;;;
KRT_presidential_dictatorship;Istados Unidos de Selbapùnnicia;;;;;;;;;;;;;;;;;;;;;;;;;;;;;;;;;;;;;;;;
KRT_bourgeois_dictatorship;Compagnie Unide de Selbapùnnicia;;;;;;;;;;;;;;;;;;;;;;;;;;;;;;;;;;;;;;;;
KRT_fascist_dictatorship;Istado Selbapùnnicu;;;;;;;;;;;;;;;;;;;;;;;;;;;;;;;;;;;;;;;;
KRT_absolute_monarchy;Imperiù Selbapùnnicu;;;;;;;;;;;;;;;;;;;;;;;;;;;;;;;;;;;;;;;;
KRT_prussian_constitutionalism;Imperiù Selbapùnnicu;;;;;;;;;;;;;;;;;;;;;;;;;;;;;;;;;;;;;;;;
KRT_hms_government;Imperiù Selbapùnnicu;;;;;;;;;;;;;;;;;;;;;;;;;;;;;;;;;;;;;;;;
KRT_democracy;Istados Unidos de Selbapùnnicia;;;;;;;;;;;;;;;;;;;;;;;;;;;;;;;;;;;;;;;;
north_andean;Salian;;;;;;;;;;;;;;;;;;;;;;;;;;;;;;;;;;;;;;;;
VOP;Tawantinsuyu;;;;;;;;;;;;;;;;;;;;;;;;;;;;;;;;;;;;;;;;
VOP_ADJ;Inca;;;;;;;;;;;;;;;;;;;;;;;;;;;;;;;;;;;;;;;;
AMG;Uulyn Khaant Uls;;;;;;;;;;;;;;x;;;;;;;;;;;;;;;;;;;;;;;;;;
AMG_ADJ;Mongol;;;;;;;;;;;;;;x;;;;;;;;;;;;;;;;;;;;;;;;;;
BUL;Bolkania;;;;;;;;;;;;;;x;;;;;;;;;;;;;;;;;;;;;;;;;;
BUL_ADJ;Bolkanian;;;;;;;;;;;;;;x;;;;;;;;;;;;;;;;;;;;;;;;;;
BYE;Belkania;;;;;;;;;;;;;;x;;;;;;;;;;;;;;;;;;;;;;;;;;
BYE_ADJ;Belkanian;;;;;;;;;;;;;;x;;;;;;;;;;;;;;;;;;;;;;;;;;
RUS;Galich;;;;;;;;;;;;;;x;;;;;;;;;;;;;;;;;;;;;;;;;;
RUS_ADJ;Galichian;;;;;;;;;;;;;;x;;;;;;;;;;;;;;;;;;;;;;;;;;
RUS_absolute_monarchy;Galichian Princedom;;;;;;;;;;;;;x,;;;;;;;;;;;;;;;;;;;;;;;;;;
RUS_prussian_constitutionalism;Galichian Princedom;;;;;;;;;;;;;x,;;;;;;;;;;;;;;;;;;;;;;;;;;
RUS_hms_government;Galichian Princedom;;;;;;;;;;;;;x,;;;;;;;;;;;;;;;;;;;;;;;;;;
AJP_prussian_constitutionalism;Galich;;;;;;;;;;;;;;x;;;;;;;;;;;;;;;;;;;;;;;;;;
AJP_hms_government;Shizuyakuni;Galich;;;;;;;;;;;;;;x;;;;;;;;;;;;;;;;;;;;;;;;;;
AJP_ADJ;shizuya;shizuya;shizuya;;;;;;;;;;;x;
AJP;Shizuyakuni;Shizuyakuni;Shizuyakuni;;;;;;;;;;;x;
AJP_proletarian_dictatorship;Shizuyakuni;Shizuyakuni;Shizuyakuni;;;;;;;;;;;x;
AJP_presidential_dictatorship;Shizuyakuni;Shizuyakuni;Shizuyakuni;;;;;;;;;;;x;
AJP_bourgeois_dictatorship;Shizuyakuni;Shizuyakuni;Shizuyakuni;;;;;;;;;;;x;
AJP_fascist_dictatorship;Shizuyakuni;Shizuyakuni;Shizuyakuni;;;;;;;;;;;x;
AJP_absolute_monarchy;Shizuyakuni;Shizuyakuni;Shizuyakuni;;;;;;;;;;;x;
AJP_prussian_constitutionalism;Shizuyakuni;Shizuyakuni;Shizuyakuni;;;;;;;;;;;x;
AJP_hms_government;Shizuyakuni;Shizuyakuni;Shizuyakuni;;;;;;;;;;;x;
AJP_democracy;Shizuyakuni;Shizuyakuni;Shizuyakuni;;;;;;;;;;;x;
AJP_conservative_92;Conservatives;Conservatives;Conservatives;;;;;;;;;;;x;
AJP_liberal_79;Liberals;Liberals;Liberals;;;;;;;;;;;x;
AJP_liberal_87;National Liberals;National Liberals;National Liberals;;;;;;;;;;;x;
AJP_socialist_85;Socialists;Socialists;Socialists;;;;;;;;;;;x;
AJP_socialist_99;National Socialists;National Socialists;National Socialists;;;;;;;;;;;x;
AJP_reactionary_84;Monarchy Leadership;Monarchy Leadership;Monarchy Leadership;;;;;;;;;;;x;
AJP_anarcho_liberal_93;Radical Liberals;Radical Liberals;Radical Liberals;;;;;;;;;;;x;
AJP_communist_86;Communists;Communists;Communists;;;;;;;;;;;x;
AJP_fascist_72;Fascists;Fascists;Fascists;;;;;;;;;;;x;
ACH_ADJ;Dongfang;Dongfang;Dongfang;;;;;;;;;;;x;
ACH;Dongfang Wángguó;Dongfang Wángguó;Dongfang Wángguó;;;;;;;;;;;x;
ACH_proletarian_dictatorship;Dongfang Wángguó;Dongfang Wángguó;Dongfang Wángguó;;;;;;;;;;;x;
ACH_presidential_dictatorship;Dongfang Wángguó;Dongfang Wángguó;Dongfang Wángguó;;;;;;;;;;;x;
ACH_bourgeois_dictatorship;Dongfang Wángguó;Dongfang Wángguó;Dongfang Wángguó;;;;;;;;;;;x;
ACH_fascist_dictatorship;Dongfang Wángguó;Dongfang Wángguó;Dongfang Wángguó;;;;;;;;;;;x;
ACH_absolute_monarchy;Dongfang Wángguó;Dongfang Wángguó;Dongfang Wángguó;;;;;;;;;;;x;
ACH_prussian_constitutionalism;Dongfang Wángguó;Dongfang Wángguó;Dongfang Wángguó;;;;;;;;;;;x;
ACH_hms_government;Dongfang Wángguó;Dongfang Wángguó;Dongfang Wángguó;;;;;;;;;;;x;
ACH_democracy;Dongfang Wángguó;Dongfang Wángguó;Dongfang Wángguó;;;;;;;;;;;x;
ACH_conservative_92;Conservatives;Conservatives;Conservatives;;;;;;;;;;;x;
ACH_liberal_79;Liberals;Liberals;Liberals;;;;;;;;;;;x;
ACH_liberal_87;National Liberals;National Liberals;National Liberals;;;;;;;;;;;x;
ACH_socialist_85;Socialists;Socialists;Socialists;;;;;;;;;;;x;
ACH_socialist_99;National Socialists;National Socialists;National Socialists;;;;;;;;;;;x;
ACH_reactionary_84;Monarchy Leadership;Monarchy Leadership;Monarchy Leadership;;;;;;;;;;;x;
ACH_anarcho_liberal_93;Radical Liberals;Radical Liberals;Radical Liberals;;;;;;;;;;;x;
ACH_communist_86;Communists;Communists;Communists;;;;;;;;;;;x;
ACH_fascist_72;Fascists;Fascists;Fascists;;;;;;;;;;;x;
AKR_ADJ;meolli;meolli;meolli;;;;;;;;;;;x;
AKR;Saeloun Jib;Saeloun Jib;Saeloun Jib;;;;;;;;;;;x;
AKR_proletarian_dictatorship;Saeloun Jib;Saeloun Jib;Saeloun Jib;;;;;;;;;;;x;
AKR_presidential_dictatorship;Saeloun Jib;Saeloun Jib;Saeloun Jib;;;;;;;;;;;x;
AKR_bourgeois_dictatorship;Saeloun Jib;Saeloun Jib;Saeloun Jib;;;;;;;;;;;x;
AKR_fascist_dictatorship;Saeloun Jib;Saeloun Jib;Saeloun Jib;;;;;;;;;;;x;
AKR_absolute_monarchy;Saeloun Jib;Saeloun Jib;Saeloun Jib;;;;;;;;;;;x;
AKR_prussian_constitutionalism;Saeloun Jib;Saeloun Jib;Saeloun Jib;;;;;;;;;;;x;
AKR_hms_government;Saeloun Jib;Saeloun Jib;Saeloun Jib;;;;;;;;;;;x;
AKR_democracy;Saeloun Jib;Saeloun Jib;Saeloun Jib;;;;;;;;;;;x;
AKR_conservative_92;Conservatives;Conservatives;Conservatives;;;;;;;;;;;x;
AKR_liberal_79;Liberals;Liberals;Liberals;;;;;;;;;;;x;
AKR_liberal_87;National Liberals;National Liberals;National Liberals;;;;;;;;;;;x;
AKR_socialist_85;Socialists;Socialists;Socialists;;;;;;;;;;;x;
AKR_socialist_99;National Socialists;National Socialists;National Socialists;;;;;;;;;;;x;
AKR_reactionary_84;Monarchy Leadership;Monarchy Leadership;Monarchy Leadership;;;;;;;;;;;x;
AKR_anarcho_liberal_93;Radical Liberals;Radical Liberals;Radical Liberals;;;;;;;;;;;x;
AKR_communist_86;Communists;Communists;Communists;;;;;;;;;;;x;
AKR_fascist_72;Fascists;Fascists;Fascists;;;;;;;;;;;x;
WRE_ADJ;Western Roman;Western Roman;Western Roman;;;;;;;;;;;x;
WRE;Western Rome;Western Rome;Western Rome;;;;;;;;;;;x;
WRE_proletarian_dictatorship;The People's Republic of the Western Mediterranean;The People's Republic of the Western Mediterranean;The People's Republic of the Western Mediterranean;;;;;;;;;;;x;
WRE_presidential_dictatorship;The West Roman Republic;The West Roman Republic;The West Roman Republic;;;;;;;;;;;x;
WRE_bourgeois_dictatorship;The West Roman Republic;The West Roman Republic;The West Roman Republic;;;;;;;;;;;x;
WRE_fascist_dictatorship;The Golden Eagle ;The Golden Eagle ;The Golden Eagle ;;;;;;;;;;;x;
WRE_absolute_monarchy;Western Rome;Western Rome;Western Rome;;;;;;;;;;;x;
WRE_prussian_constitutionalism;Western Rome;Western Rome;Western Rome;;;;;;;;;;;x;
WRE_hms_government;Latin Union;Western Rome;Western Rome;;;;;;;;;;;x;
WRE_democracy;The West Roman Republic;The West Roman Republic;The West Roman Republic;;;;;;;;;;;x;
WRE_conservative_92;Conservatives;Conservatives;Conservatives;;;;;;;;;;;x;
WRE_liberal_79;Liberals;Liberals;Liberals;;;;;;;;;;;x;
WRE_liberal_87;National Liberals;National Liberals;National Liberals;;;;;;;;;;;x;
WRE_socialist_85;Socialists;Socialists;Socialists;;;;;;;;;;;x;
WRE_socialist_99;National Socialists;National Socialists;National Socialists;;;;;;;;;;;x;
WRE_reactionary_84;Monarchy Leadership;Monarchy Leadership;Monarchy Leadership;;;;;;;;;;;x;
WRE_anarcho_liberal_93;Radical Liberals;Radical Liberals;Radical Liberals;;;;;;;;;;;x;
WRE_communist_86;Communists;Communists;Communists;;;;;;;;;;;x;
WRE_fascist_72;Fascists;Fascists;Fascists;;;;;;;;;;;x;
visigothic;Godigo;;;;;;;;;;;;;;;;;;;;;;;;;;;;;;;;;;;;;;;;
suebi;Suevo;;;;;;;;;;;;;;;;;;;;;;;;;;;;;;;;;;;;;;;;
sogdian;Sogdian;;;;;;;;;;;;;;;;;;;;;;;;x;;;;;;;;;;;;;;;;
aryao;Aryao;;;;;;;;;;;;;;;;;;;;;;;;x;;;;;;;;;;;;;;;;
khwarazm_persian;Khwarazmi;;;;;;;;;;;;;;;;;;;;;;;;x ;;;;;;;;;;;;;;;;
chorasmian;Chorasmi;;;;;;;;;;;;;;;;;;;;;;;;x;;;;;;;;;;;;;;;;
parthian;Pahlawanig;;;;;;;;;;;;;;;;;;;;;;;;x;;;;;;;;;;;;;;;;
khotani;Hotani;;;;;;;;;;;;;;;;;;;;;;;;x;;;;;;;;;;;;;;;;
SHV;Alvuania;x;;;;
SHV_ADJ;Alvuanian;x;;;;
UCA;The Andronican Federation;x;;;;
UCA_ADJ;Andronican;x;;;;
UKR;Polissia;x;;;;
UKR_ADJ;Polissian;x;;;;
XIN;Khotan;;;;;;;;;;;;;;x;;;;;;;;;;;;;;;;;;;;;;;;;;
XIN_ADJ;Khotanese;;;;;;;;;;;;;;x;;;;;;;;;;;;;;;;;;;;;;;;;;
MVI;Mordovia;x;;;;
MVI_ADJ;Mordvin;x;;;;
MRL;Mari El;;;;;;;;;;;;;;x;;;;;;;;;;;;;;;;;;;;;;;;;;
MRL_ADJ;Mari;;;;;;;;;;;;;;x;;;;;;;;;;;;;;;;;;;;;;;;;;
POM;Sterm;;;;;;;;;;;;;;x;;;;;;;;;;;;;;;;;;;;;;;;;;
POM_ADJ;Stermian;;;;;;;;;;;;;;x;;;;;;;;;;;;;;;;;;;;;;;;;;
RYA;Ryazan;;;;;;;;;;;;;;x;;;;;;;;;;;;;;
RYA_absolute_monarchy;Ryazan Principality;;;;;;;;;;;;;;x;;;;;;;;;;;;;;
RYA_ADJ;Ryazanian;;;;;;;;;;;;;;x;;;;;;;;;;;;;;
KUR;Kursk;;;;;;;;;;;;;;x;;;;;;;;;;;;;;
KUR_absolute_monarchy;Kursk Principality;;;;;;;;;;;;;;x;;;;;;;;;;;;;;
KUR_ADJ;Kurskite;;;;;;;;;;;;;;x;;;;;;;;;;;;;;
RTH;Ruthenia;;;;;;;;;;;;;;x;;;;;;;;;;;;;;
RTH_absolute_monarchy;Grand Principality of Ruthenia;;;;;;;;;;;;x
RTH_hms_government;Grand Principality of Ruthenia;;;;;;;;;;;;x
RTH_prussian_constitutionalism;Grand Principality of Ruthenia;;;;;;;;;;;;x
RTH_ADJ;Ruthene;;;;;;;;;;;;;;x;;;;;;;;;;;;;;
DON;Voronezh;x;;;;
DON_absolute_monarchy;Voronezh Host;x;;;;
DON_hms_government;Voronezh Host;x;;;;
DON_prussian_constitutionalism;Voronezh Host;x;;;;
DON_ADJ;Voronezhite;x;;;;
KDA;Koda;;;;;;;;;;;x;
KDA_ADJ;Kodan;;;;;;;;;;;x;
ORA;South Libyan Confederation;;;;;;;;;;;x;
ORA_absolute_monarchy;South Libyan Empire;x;;;;
ORA_hms_government;South Libyan Confederation;x;;;;
ORA_prussian_constitutionalism;South Libyan Confederation;x;;;;
ORA_ADJ;South Libyan;;;;;;;;;;;x;
NAL;Desertörernaland;;;;;;;;;;;x;
NAL_absolute_monarchy;Desertörernaland;x;;;;
NAL_hms_government;Desertörernaland;x;;;;
NAL_prussian_constitutionalism;Desertörernaland;x;;;;
NAL_ADJ;Desertörer;;;;;;;;;;;x;
BLG;Belgorye;;;;;;;;;;;x;
BLG_ADJ;Belgorye;;;;;;;;;;;x;
KDA_ADJ;Kodan;;;;;;;;;;;x;
KSK;Kuchasakaya;;;;;;;;;;;x;
KSK_ADJ;Kurdish;;;;;;;;;;;x;
swedish;Norse;Su?ois;Schwedisch;;Sueca;;;;;;;;;x;;;;
ARY_ADJ;Aryan;Aryan;Aryan;;;;;;;;;;;x;
ARY;Eranshahr;Eranshahr;Eranshahr;;;;;;;;;;;x;
ARY_proletarian_dictatorship;Peoples's commonwealth of the Middle lands;Peoples's commonwealth of the Middle lands;Peoples's commonwealth of the Middle lands;;;;;;;;;;;x;
ARY_presidential_dictatorship;Iranic Republic;Iranic Republic;Iranic Republic;;;;;;;;;;;x;
ARY_bourgeois_dictatorship;Iranic Republic;Iranic Republic;Iranic Republic;;;;;;;;;;;x;
ARY_fascist_dictatorship;Eranshahr;Eranshahr;Eranshahr;;;;;;;;;;;x;
ARY_absolute_monarchy;Eranshahr;Eranshahr;Eranshahr;;;;;;;;;;;x;
ARY_prussian_constitutionalism;Eranshahr;Eranshahr;Eranshahr;;;;;;;;;;;x;
ARY_hms_government;Eranshahr;Eranshahr;Eranshahr;;;;;;;;;;;x;
ARY_democracy;Iranic Republic;Iranic Republic;Iranic Republic;;;;;;;;;;;x;
ARY_conservative_92;Conservatives;Conservatives;Conservatives;;;;;;;;;;;x;
ARY_liberal_79;Liberals;Liberals;Liberals;;;;;;;;;;;x;
ARY_liberal_87;National Liberals;National Liberals;National Liberals;;;;;;;;;;;x;
ARY_socialist_85;Socialists;Socialists;Socialists;;;;;;;;;;;x;
ARY_socialist_99;National Socialists;National Socialists;National Socialists;;;;;;;;;;;x;
ARY_reactionary_84;Monarchy Leadership;Monarchy Leadership;Monarchy Leadership;;;;;;;;;;;x;
ARY_anarcho_liberal_93;Radical Liberals;Radical Liberals;Radical Liberals;;;;;;;;;;;x;
ARY_communist_86;Communists;Communists;Communists;;;;;;;;;;;x;
ARY_fascist_72;Fascists;Fascists;Fascists;;;;;;;;;;;x;
