;;;;;;;;;;;;;;;;;;x;;;;;;;;;;;;;;;;;;;;;;x
;;;;;;x;;;;;;;;;;;;;;;;;;;;;;;;;;;;;;;;;;
PROV343;Helsingfors;;;;;;;;;;;;x;;;;;;;;;;;;;;;;;;;;;;;;;;;
PROV402;Ambias;;;;;;;;;;;;x;;;;;;;;;;;;;;;;;;;;;;;;;;;
PROV403;Reems;;;;;;;;;;;;x;;;;;;;;;;;;;;;;;;;;;;;;;;;
PROV406;Trais;;;;;;;;;;;;x;;;;;;;;;;;;;;;;;;;;;;;;;;;
PROV407;Schamond;;;;;;;;;;;;x;;;;;;;;;;;;;;;;;;;;;;;;;;;
PROV408;Sallons;;;;;;;;;;;;x;;;;;;;;;;;;;;;;;;;;;;;;;;;
PROV412;Mets;;;;;;;;;;;;x;;;;;;;;;;;;;;;;;;;;;;;;;;;
PROV415;Rowan;;;;;;;;;;;;x;;;;;;;;;;;;;;;;;;;;;;;;;;;
PROV416;D'aven;;;;;;;;;;;;x;;;;;;;;;;;;;;;;;;;;;;;;;;;
PROV417;Middel Normant;;;;;;;;;;;;x;;;;;;;;;;;;;;;;;;;;;;;;;;;
PROV418;Kan;;;;;;;;;;;;x;;;;;;;;;;;;;;;;;;;;;;;;;;;
PROV419;Inizi Mor Breizh;;;;;;;;;;;;x;;;;;;;;;;;;;;;;;;;;;;;;;;;
PROV420;St. Chalet;;;;;;;;;;;;x;;;;;;;;;;;;;;;;;;;;;;;;;;;
PROV421;Breschen;;;;;;;;;;;;x;;;;;;;;;;;;;;;;;;;;;;;;;;;
PROV423;Naont;;;;;;;;;;;;x;;;;;;;;;;;;;;;;;;;;;;;;;;;
PROV425;Pariz;;;;;;;;;;;;x;;;;;;;;;;;;;;;;;;;;;;;;;;;
PROV426;Carnu;;;;;;;;;;;;x;;;;;;;;;;;;;;;;;;;;;;;;;;;
PROV427;Sein;;;;;;;;;;;;x;;;;;;;;;;;;;;;;;;;;;;;;;;;
PROV428;Diwan;;;;;;;;;;;;x;;;;;;;;;;;;;;;;;;;;;;;;;;;
PROV429;Aksterre;;;;;;;;;;;;x;;;;;;;;;;;;;;;;;;;;;;;;;;;
PROV430;Molinns;;;;;;;;;;;;x;;;;;;;;;;;;;;;;;;;;;;;;;;;
PROV431;Makon;;;;;;;;;;;;x;;;;;;;;;;;;;;;;;;;;;;;;;;;
PROV433;Lonts;;;;;;;;;;;;x;;;;;;;;;;;;;;;;;;;;;;;;;;;
PROV434;Angevis;;;;;;;;;;;;x;;;;;;;;;;;;;;;;;;;;;;;;;;;
PROV435;Lavall;;;;;;;;;;;;x;;;;;;;;;;;;;;;;;;;;;;;;;;;
PROV436;Mants;;;;;;;;;;;;x;;;;;;;;;;;;;;;;;;;;;;;;;;;
PROV437;Vendem;;;;;;;;;;;;x;;;;;;;;;;;;;;;;;;;;;;;;;;;
PROV438;Aurleans;;;;;;;;;;;;x;;;;;;;;;;;;;;;;;;;;;;;;;;;
PROV439;Burg;;;;;;;;;;;;x;;;;;;;;;;;;;;;;;;;;;;;;;;;
PROV440;Bles;;;;;;;;;;;;x;;;;;;;;;;;;;;;;;;;;;;;;;;;
PROV441;Turen;;;;;;;;;;;;x;;;;;;;;;;;;;;;;;;;;;;;;;;;
PROV442;Rokkel;;;;;;;;;;;;x;;;;;;;;;;;;;;;;;;;;;;;;;;;
PROV443;Patiers;;;;;;;;;;;;x;;;;;;;;;;;;;;;;;;;;;;;;;;;
PROV444;Egolisem;;;;;;;;;;;;x;;;;;;;;;;;;;;;;;;;;;;;;;;;
PROV445;Bellak;;;;;;;;;;;;x;;;;;;;;;;;;;;;;;;;;;;;;;;;
PROV446;Rudolfsburk;;;;;;;;;;;;x;;;;;;;;;;;;;;;;;;;;;;;;;;;
PROV447;Tula;;;;;;;;;;;;x;;;;;;;;;;;;;;;;;;;;;;;;;;;
PROV448;Clharmou;;;;;;;;;;;;x;;;;;;;;;;;;;;;;;;;;;;;;;;;
PROV449;Orlhac;;;;;;;;;;;;x;;;;;;;;;;;;;;;;;;;;;;;;;;;
PROV450;Caors;;;;;;;;;;;;x;;;;;;;;;;;;;;;;;;;;;;;;;;;
PROV456;Montalban;;;;;;;;;;;;x;;;;;;;;;;;;;;;;;;;;;;;;;;;
PROV461;Montpelhièr;;;;;;;;;;;;x;;;;;;;;;;;;;;;;;;;;;;;;;;;
PROV462;Rodés;;;;;;;;;;;;x;;;;;;;;;;;;;;;;;;;;;;;;;;;
PROV604;Baezl;;;;;;;;;;;;x;;;;;;;;;;;;;;;;;;;;;;;;;;;
PROV2570;Swesson;;;;;;;;;;;;x;;;;;;;;;;;;;;;;;;;;;;;;;;;
AUS_648;Tisza;;;;;;;;;;;;x;;;;;;;;;;;;;;;;;;;;;;;;;;;
PROV3355;Delta Dunarii;;;;;;;;;;;;x;;;;;;;;;;;;;;;;;;;;;;;;;;;
PROV3359;Bulgarski Dunav;;;;;;;;;;;;x;;;;;;;;;;;;;;;;;;;;;;;;;;;
PROV3360;Srpski Dunav;;;;;;;;;;;;x;;;;;;;;;;;;;;;;;;;;;;;;;;;
PROV3361;Dolný Dunaj;;;;;;;;;;;;x;;;;;;;;;;;;;;;;;;;;;;;;;;;
PROV3362;Horný Dunaj;;;;;;;;;;;;x;;;;;;;;;;;;;;;;;;;;;;;;;;;
PROV3369;Kales;;;;;;;;;;;;x;;;;;;;;;;;;;;;;;;;;;;;;;;;
PROV3370;Rääpyvä;;;;;;;;;;;;x;;;;;;;;;;;;;;;;;;;;;;;;;;;
PROV3371;Dolgan;;;;;;;;;;;;x;;;;;;;;;;;;;;;;;;;;;;;;;;;
PROV3372;Aalst;;;;;;;;;;;;x;;;;;;;;;;;;;;;;;;;;;;;;;;;
PROV3373;Boon;;;;;;;;;;;;x;;;;;;;;;;;;;;;;;;;;;;;;;;;
PROV3374;Hesdin;;;;;;;;;;;;x;;;;;;;;;;;;;;;;;;;;;;;;;;;
PROV3375;Valinten;;;;;;;;;;;;x;;;;;;;;;;;;;;;;;;;;;;;;;;;
PROV3376;Diedenhofen;;;;;;;;;;;;x;;;;;;;;;;;;;;;;;;;;;;;;;;;
PROV3377;Beiburg;;;;;;;;;;;;x;;;;;;;;;;;;;;;;;;;;;;;;;;;
PROV3378;Bon;;;;;;;;;;;;x;;;;;;;;;;;;;;;;;;;;;;;;;;;
LUX_397;Luksburg;;;;;;;;;;;;x;;;;;;;;;;;;;;;;;;;;;;;;;;;
FRA_400;Flaendren;;;;;;;;;;;;x;;;;;;;;;;;;;;;;;;;;;;;;;;;
FRA_404;Artwa-Pikarden;;;;;;;;;;;;x;;;;;;;;;;;;;;;;;;;;;;;;;;;
PROV3250;Nevirnes;;;;;;;;;;;;;x;;;;;;;;;;;;;;;;;;;;;;;;;;
PROV3271;Auranja;;;;;;;;;;;;;;x;;;;;;;;;;;;;;;;;;;;;;;;;
PROV3272;Ni Harbour;;;;;;;;;;;;;;x;;;;;;;;;;;;;;;;;;;;;;;;;
PROV3274;Svaneti;;;;;;;;;;;;;;x;;;;;;;;;;;;;;;;;;;;;;;;;
;;;;;;x;;;;;;;;;;;;;;;;;;;;;;;;;;;;;;;;;;
PROV2379;Platinisshe Kordoba;;;;;;;;;;;;x;;;;;;;;;;;;;;;;;;;;;;;;;;;
PROV2381;Viertes Viertel;;;;;;;;;;;;x;;;;;;;;;;;;;;;;;;;;;;;;;;;
PROV2382;Hader;;;;;;;;;;;;x;;;;;;;;;;;;;;;;;;;;;;;;;;;
PROV2383;Sankt Salde;;;;;;;;;;;;x;;;;;;;;;;;;;;;;;;;;;;;;;;;
PROV2383;Laimor;;;;;;;;;;;;x;;;;;;;;;;;;;;;;;;;;;;;;;;;
PROV2385;Hildirix;;;;;;;;;;;;x;;;;;;;;;;;;;;;;;;;;;;;;;;;
PROV2386;Lix;;;;;;;;;;;;x;;;;;;;;;;;;;;;;;;;;;;;;;;;
PROV2387;Zilis;;;;;;;;;;;;x;;;;;;;;;;;;;;;;;;;;;;;;;;;
PROV2388;Sala;;;;;;;;;;;;x;;;;;;;;;;;;;;;;;;;;;;;;;;;
PROV2389;Visimarstatt;;;;;;;;;;;;x;;;;;;;;;;;;;;;;;;;;;;;;;;;
PROV2322;Vilimut;;;;;;;;;;;;x;;;;;;;;;;;;;;;;;;;;;;;;;;;
PROV2323;Rigis;;;;;;;;;;;;x;;;;;;;;;;;;;;;;;;;;;;;;;;;
PROV2324;Buhthaben;;;;;;;;;;;;x;;;;;;;;;;;;;;;;;;;;;;;;;;;
PROV2325;Gronebyrg;;;;;;;;;;;;x;;;;;;;;;;;;;;;;;;;;;;;;;;;
PROV2326;Frawia;;;;;;;;;;;;x;;;;;;;;;;;;;;;;;;;;;;;;;;;
PROV2327;Thewas;;;;;;;;;;;;x;;;;;;;;;;;;;;;;;;;;;;;;;;;
PROV2328;Kasera;;;;;;;;;;;;x;;;;;;;;;;;;;;;;;;;;;;;;;;;
PROV2329;Ostabyrg;;;;;;;;;;;;x;;;;;;;;;;;;;;;;;;;;;;;;;;;
PROV2330;Munda;;;;;;;;;;;;x;;;;;;;;;;;;;;;;;;;;;;;;;;;
PROV2331;Amarig;;;;;;;;;;;;x;;;;;;;;;;;;;;;;;;;;;;;;;;;
PROV2332;Kaap;;;;;;;;;;;;x;;;;;;;;;;;;;;;;;;;;;;;;;;;
PROV2353;Vandasig;;;;;;;;;;;;x;;;;;;;;;;;;;;;;;;;;;;;;;;;
PROV2355;Frijhaben;;;;;;;;;;;;x;;;;;;;;;;;;;;;;;;;;;;;;;;;
PROV2393;Örda;;;;;;;;;;;;x;;;;;;;;;;;;;;;;;;;;;;;;;;;
PROV2394;Bogastatts;;;;;;;;;;;;x;;;;;;;;;;;;;;;;;;;;;;;;;;;
;;;;;;x;;;;;;;;;;;;;;;;;;;;;;;;;;;;;;;;;;
PROV273;Caerdydd;x  ;;;;;;;;;;;;;;;;;;;;;;;;;;;;;;;;;;;;;;
PROV274;Aberteifi;x  ;;;;;;;;;;;;;;;;;;;;;;;;;;;;;;;;;;;;;;
PROV275;Llandiloes;x  ;;;;;;;;;;;;;;;;;;;;;;;;;;;;;;;;;;;;;;
PROV276;Caernarfon;x  ;;;;;;;;;;;;;;;;;;;;;;;;;;;;;;;;;;;;;;
PROV277;Caintafon;x  ;;;;;;;;;;;;;;;;;;;;;;;;;;;;;;;;;;;;;;
PROV278;Caerhirfryn;x  ;;;;;;;;;;;;;;;;;;;;;;;;;;;;;;;;;;;;;;
PROV284;Bryncreigiog;x  ;;;;;;;;;;;;;;;;;;;;;;;;;;;;;;;;;;;;;;
PROV285;Caerllion;x  ;;;;;;;;;;;;;;;;;;;;;;;;;;;;;;;;;;;;;;
PROV286;Amwythig;x  ;;;;;;;;;;;;;;;;;;;;;;;;;;;;;;;;;;;;;;
PROV287;Trefleiandy;x ;;;;;;;;;;;;;;;;;;;;;;;;;;;;;;;;;;;;;;
PROV296;Caerodor;x ;;;;;;;;;;;;;;;;;;;;;;;;;;;;;;;;;;;;;;
PROV297;Caersallog;x;;;;;;;;;;;;;;;;;;;;;;;;;;;;;;;;;;;;;;
PROV298;Caerfaddon;x;;;;;;;;;;;;;;;;;;;;;;;;;;;;;;;;;;;;;;
PROV299;Lannstevan;x;;;;;;;;;;;;;;;;;;;;;;;;;;;;;;;;;;;;;;
PROV3268;Dewnens;x;;;;;;;;;;;;;;;;;;;;;;;;;;;;;;;;;;;;;;
;;;;;;x;;;;;;;;;;;;;;;;;;;;;;;;;;;;;;;;;;
PROV3341;Yarkent;;;;;;;;;;;;x;;;;;;;;;;;;;;;;;;;;;;;;;;;
PROV3342;Sarikol;;;;;;;;;;;;x;;;;;;;;;;;;;;;;;;;;;;;;;;;
PROV3343;Taklamankan;;;;;;;;;;;;x;;;;;;;;;;;;;;;;;;;;;;;;;;;
;;;;;;x;;;;;;;;;;;;;;;;;;;;;;;;;;;;;;;;;;
PROV923;Nod-Ardashir;;;;;;;;;;;;;;;;;;x;;;;
PROV924;Arbela;;;;;;;;;;;;;;;;;;x;;;;
PROV925;Qasr-I Shirin;;;;;;;;;;;;;;;;;;x;;;;
PROV926;Tesifon;;;;;;;;;;;;;;;;;;x;;;;
PROV927;Shumara;;;;;;;;;;;;;;;;;;x;;;;
PROV928;Dastagerd;;;;;;;;;;;;;;;;;;x;;;;
PROV929;Kadesh;;;;;;;;;;;;;;;;;;x;;;;
PROV930;Khusraw-Šabuhr;;;;;;;;;;;;;;;;;;x;;;;
PROV932;Wahištabad Ardashir;;;;;;;;;;;;;;;;;;x;;;;
PROV933;Khusraw-Mah;;;;;;;;;;;;;;;;;;x;;;;
PROV934;Hert;;;;;;;;;;;;;;;;;;x;;;;
PROV1071;Abarkawan;;;;;;;;;;;;;;;;;;;;;;;x;;;;,,,,,,,,,,,,,,,,,,,,,,
PROV1100;Paytakaran;;;;;;;;;;;;;;;;;;x;;;;
PROV1101;Sisakan;;;;;;;;;;;;;;;;;;x;;;;
PROV1102;Bâd-kube;;;;;;;;;;;;;;;;;;x;;;;
PROV1103;Shaporan;;;;;;;;;;;;;;;;;;x;;;;
PROV1104;Kabalak;;;;;;;;;;;;;;;;;;x;;;;
PROV1105;Shamkor;;;;;;;;;;;;;;;;;;x;;;;
PROV1106;Partaw;;;;;;;;;;;;;;;;;;x;;;;
PROV1107;Langarkanan;;;;;;;;;;;;;;;;;;x;;;;
PROV1108;T'awrezh;;;;;;;;;;;;;;;;;;x;;;;
PROV1109;Khuy;;;;;;;;;;;;;;;;;;x;;;;
PROV1110;Salamis;x;;;;;;;;;;;;;;;;;;;;;;;;;;;;;;;;;;;;;;
PROV1111;Ganzak;;;;;;;;;;;;;;;;;;x;;;;
PROV1112;Ardabel;;;;;;;;;;;;;;;;;;x;;;;
PROV1117;Barza;;;;;;;;;;;;;;;;;;x;;;;
PROV1118;Eskit;;;;;;;;;;;;;;;;;;x;;;;
PROV1119;Kirmãnshãh;;;;;;;;;;;;;;;;;;x;;;;
PROV1120;Shaporkhast;;;;;;;;;;;;;;;;;;x;;;;
PROV1121;Rag;;;;;;;;;;;;;;;;;;x;;;;
PROV1122;Ahmadan;;;;;;;;;;;;;;;;;;x;;;;
PROV1123;Shahin;;;;;;;;;;;;;;;;;;x;;;;
PROV1124;Shad-Shapor;;;;;;;;;;;;;;;;;;x;;;;
PROV1125;Goman;;;;;;;;;;;;;;;;;;x;;;;
PROV1126;Simnan;;;;;;;;;;;;;;;;;;x;;;;
PROV1127;Spahan;;;;;;;;;;;;;;;;;;x;;;;
PROV1128;Arak;;;;;;;;;;;;;;;;;;x;;;;
PROV1129;Kashan;;;;;;;;;;;;;;;;;;x;;;;
PROV1134;Izeh;;;;;;;;;;;;;;;;;;x;;;;
PROV1135;Stakhr;;;;;;;;;;;;;;;;;;x;;;;
PROV1136;Rew-Ardashir;;;;;;;;;;;;x;;;;;;;;;;;;;;;;;;;;;;;;;;;
PROV1137;Arrajan;;;;;;;;;;;;;;;;;;x;;;;
PROV1138;Siraf;;;;;;;;;;;;;;;;;;x;;;;
PROV1139;Shiragan;;;;;;;;;;;;;;;;;;x;;;;
PROV1140;Kirman;;;;;;;;;;;;;;;;;;x;;;;
PROV1141;Bokht-Ardashir;;;;;;;;;;;;;;;;;;x;;;;
PROV1142;Hormirzad;;;;;;;;;;;;;;;;;;x;;;;
PROV1143;Walashgerd;;;;;;;;;;;;;;;;;;x;;;;
PROV1211;Bakhlo;;;;;;;;;;;;;
PROV1214;Farah;;;;;;;;;;;;;
PROV1221;Qusdar;;;;;;;;;;;;;
PROV2640;Gwadar;;;;;;;;;;;;;;;;;;;;;;;x;;;;,,,,,,,,,,,,,,,,,,,,,,
PROV3368;Qarasheher;x;;;;;;;;;;;;;;;;;;;;;;;;;;;;;;;;;;;;;;
PROV3379;Maku;x;;;;;;;;;;;;;;;;;;;;;;;;;;;;;;;;;;;;;;
PROV3380;Urumia;x;;;;;;;;;;;;;;;;;;;;;;;;;;;;;;;;;;;;;;
PROV3381;Karimabad;x;;;;;;;;;;;;;;;;;;;;;;;;;;;;;;;;;;;;;;
PROV3382;Makran;x;;;;;;;;;;;;;;;;;;;;;;;;;;;;;;;;;;;;;;
PROV3383;Siniz;x;;;;;;;;;;;;;;;;;;;;;;;;;;;;;;;;;;;;;;
PROV3384;Gahrum;x;;;;;;;;;;;;;;;;;;;;;;;;;;;;;;;;;;;;;;
PROV3385;Yazdkhast;x;;;;;;;;;;;;;;;;;;;;;;;;;;;;;;;;;;;;;;
PROV3386;Lar;x;;;;;;;;;;;;;;;;;;;;;;;;;;;;;;;;;;;;;;
PROV3387;Tawwaz;x;;;;;;;;;;;;;;;;;;;;;;;;;;;;;;;;;;;;;;
PROV3388;Darabgerd;x;;;;;;;;;;;;;;;;;;;;;;;;;;;;;;;;;;;;;;
PROV3389;Chavar;x;;;;;;;;;;;;;;;;;;;;;;;;;;;;;;;;;;;;;;
PROV3390;Najafabad;x;;;;;;;;;;;;;;;;;;;;;;;;;;;;;;;;;;;;;;
PROV3391;Barzand;x;;;;;;;;;;;;;;;;;;;;;;;;;;;;;;;;;;;;;;
PROV3392;Sohravard;x;;;;;;;;;;;;;;;;;;;;;;;;;;;;;;;;;;;;;;
PROV3393;Astara;x;;;;;;;;;;;;;;;;;;;;;;;;;;;;;;;;;;;;;;
PROV3394;Mahan;x;;;;;;;;;;;;;;;;;;;;;;;;;;;;;;;;;;;;;;
PROV3395;Tabas;x;;;;;;;;;;;;;;;;;;;;;;;;;;;;;;;;;;;;;;
PROV3396;Kavir-e Namak;x;;;;;;;;;;;;;;;;;;;;;;;;;;;;;;;;;;;;;;
PROV3397;Manuqan;x;;;;;;;;;;;;;;;;;;;;;;;;;;;;;;;;;;;;;;
PROV3398;Pahreh;x;;;;;;;;;;;;;;;;;;;;;;;;;;;;;;;;;;;;;;
PROV3399;Rudbar;x;;;;;;;;;;;;;;;;;;;;;;;;;;;;;;;;;;;;;;
PROV3400;Firuzkuh;x;;;;;;;;;;;;;;;;;;;;;;;;;;;;;;;;;;;;;;
PROV3401;Komish;x;;;;;;;;;;;;;;;;;;;;;;;;;;;;;;;;;;;;;;
PROV3402;Kuh-Binan;x;;;;;;;;;;;;;;;;;;;;;;;;;;;;;;;;;;;;;;
PROV3403;Anar Dareh;x;;;;;;;;;;;;;;;;;;;;;;;;;;;;;;;;;;;;;;
PROV3404;Bust;x;;;;;;;;;;;;;;;;;;;;;;;;;;;;;;;;;;;;;;
PROV3405;Hormizd;x;;;;;;;;;;;;;;;;;;;;;;;;;;;;;;;;;;;;;;
PROV3406;Abarquh;x;;;;;;;;;;;;;;;;;;;;;;;;;;;;;;;;;;;;;;
PROV3407;Kharan;x;;;;;;;;;;;;;;;;;;;;;;;;;;;;;;;;;;;;;;
PROV3408;Zaranj;x;;;;;;;;;;;;;;;;;;;;;;;;;;;;;;;;;;;;;;
PROV3409;Zabol;x;;;;;;;;;;;;;;;;;;;;;;;;;;;;;;;;;;;;;;
PROV3410;Ghor;x;;;;;;;;;;;;;;;;;;;;;;;;;;;;;;;;;;;;;;
PROV3411;Kohistan;x;;;;;;;;;;;;;;;;;;;;;;;;;;;;;;;;;;;;;;
PROV3412;Bastam;x;;;;;;;;;;;;;;;;;;;;;;;;;;;;;;;;;;;;;;
PROV3413;Ghuryan;x;;;;;;;;;;;;;;;;;;;;;;;;;;;;;;;;;;;;;;
PROV3414;Sar-e Pol;x;;;;;;;;;;;;;;;;;;;;;;;;;;;;;;;;;;;;;;
PROV3415;Dera Ismail Khan;x;;;;;;;;;;;;;;;;;;;;;;;;;;;;;;;;;;;;;;
PROV3416;Sibi;x;;;;;;;;;;;;;;;;;;;;;;;;;;;;;;;;;;;;;;
PROV3417;Chishti;x;;;;;;;;;;;;;;;;;;;;;;;;;;;;;;;;;;;;;;
PROV3418;Gilgit;x;;;;;;;;;;;;;;;;;;;;;;;;;;;;;;;;;;;;;;
PROV3419;Wakhan;x;;;;;;;;;;;;;;;;;;;;;;;;;;;;;;;;;;;;;;
PROV3420;Murghab;x;;;;;;;;;;;;;;;;;;;;;;;;;;;;;;;;;;;;;;
PROV3421;Nuristan;x;;;;;;;;;;;;;;;;;;;;;;;;;;;;;;;;;;;;;;
PROV3422;Mahshahr;x;;;;;;;;;;;;;;;;;;;;;;;;;;;;;;;;;;;;;;
PROV3423;Kyzylsu;x;;;;;;;;;;;;;;;;;;;;;;;;;;;;;;;;;;;;;;
PROV3424;Marand;x;;;;;;;;;;;;;;;;;;;;;;;;;;;;;;;;;;;;;;
PROV3425;Miyana;x;;;;;;;;;;;;;;;;;;;;;;;;;;;;;;;;;;;;;;
PROV3426;Shaporgân;x;;;;;;;;;;;;;;;;;;;;;;;;;;;;;;;;;;;;;;
PROV3427;Kashmar;x;;;;;;;;;;;;;;;;;;;;;;;;;;;;;;;;;;;;;;
PROV3428;Zaveh;x;;;;;;;;;;;;;;;;;;;;;;;;;;;;;;;;;;;;;;
PROV3429;Quchan;x;;;;;;;;;;;;;;;;;;;;;;;;;;;;;;;;;;;;;;
PROV3430;Nev-Shapor;x;;;;;;;;;;;;;;;;;;;;;;;;;;;;;;;;;;;;;;
PROV3431;Turkmensahra;x;;;;;;;;;;;;;;;;;;;;;;;;;;;;;;;;;;;;;;
PROV3432;Mishrian;x;;;;;;;;;;;;;;;;;;;;;;;;;;;;;;;;;;;;;;
PROV3433;Uzboy;x;;;;;;;;;;;;;;;;;;;;;;;;;;;;;;;;;;;;;;
PROV3434;Kara-Kum;x;;;;;;;;;;;;;;;;;;;;;;;;;;;;;;;;;;;;;;
PROV3435;Kos;x;;;;;;;;;;;;;;;;;;;;;;;;;;;;;;;;;;;;;;
PROV3436;Soran;x;;;;;;;;;;;;;;;;;;;;;;;;;;;;;;;;;;;;;;
PROV3437;Solimaniyeh;x;;;;;;;;;;;;;;;;;;;;;;;;;;;;;;;;;;;;;;
PROV3438;Erbil;x;;;;;;;;;;;;;;;;;;;;;;;;;;;;;;;;;;;;;;
PROV3439;Piranshahr;x;;;;;;;;;;;;;;;;;;;;;;;;;;;;;;;;;;;;;;
PROV3440;Hazorasp;x;;;;;;;;;;;;;;;;;;;;;;;;;;;;;;;;;;;;;;
PROV3441;Sadag;x;;;;;;;;;;;;;;;;;;;;;;;;;;;;;;;;;;;;;;
PROV3442;Panjdeh;x;;;;;;;;;;;;;;;;;;;;;;;;;;;;;;;;;;;;;;
PROV3443;Qalat-e Nadiri;x;;;;;;;;;;;;;;;;;;;;;;;;;;;;;;;;;;;;;;
PROV3444;Lebap;x;;;;;;;;;;;;;;;;;;;;;;;;;;;;;;;;;;;;;;
PROV3445;Sarakhs;x;;;;;;;;;;;;;;;;;;;;;;;;;;;;;;;;;;;;;;
PROV3446;Maymana;x;;;;;;;;;;;;;;;;;;;;;;;;;;;;;;;;;;;;;;
PROV3447;Nurota;x;;;;;;;;;;;;;;;;;;;;;;;;;;;;;;;;;;;;;;
PROV3448;Hissor;x;;;;;;;;;;;;;;;;;;;;;;;;;;;;;;;;;;;;;;
PROV3449;Ayni;x;;;;;;;;;;;;;;;;;;;;;;;;;;;;;;;;;;;;;;
PROV3450;Gharm;x;;;;;;;;;;;;;;;;;;;;;;;;;;;;;;;;;;;;;;
PROV3451;Namagan;x;;;;;;;;;;;;;;;;;;;;;;;;;;;;;;;;;;;;;;
PROV3452;Uroteppa;x;;;;;;;;;;;;;;;;;;;;;;;;;;;;;;;;;;;;;;
PROV3453;Andijon;x;;;;;;;;;;;;;;;;;;;;;;;;;;;;;;;;;;;;;;
PROV3454;Saymara;x;;;;;;;;;;;;;;;;;;;;;;;;;;;;;;;;;;;;;;
PROV3455;Shushtar;x;;;;;;;;;;;;;;;;;;;;;;;;;;;;;;;;;;;;;;
PROV3456;Fallujah;x;;;;;;;;;;;;;;;;;;;;;;;;;;;;;;;;;;;;;;
PROV3457;Babiru;x;;;;;;;;;;;;;;;;;;;;;;;;;;;;;;;;;;;;;;
PROV3458;Tikrit;x;;;;;;;;;;;;;;;;;;;;;;;;;;;;;;;;;;;;;;
PROV3459;Malazgirt;x;;;;;;;;;;;;;;;;;;;;;;;;;;;;;;;;;;;;;;
PROV3460;Sinjar;x;;;;;;;;;;;;;;;;;;;;;;;;;;;;;;;;;;;;;;
PROV3461;Tuzqala;x;;;;;;;;;;;;;;;;;;;;;;;;;;;;;;;;;;;;;;
PROV3462;Taras;x;;;;;;;;;;;;;;;;;;;;;;;;;;;;;;;;;;;;;;
PROV3463;Bekbolat;x;;;;;;;;;;;;;;;;;;;;;;;;;;;;;;;;;;;;;;
PROV3464;Aqsu;x;;;;;;;;;;;;;;;;;;;;;;;;;;;;;;;;;;;;;;
PROV3465;Manghistau;x;;;;;;;;;;;;;;;;;;;;;;;;;;;;;;;;;;;;;;
ABU_1162;Al-Hasa;x;;;;;;;;;;;;;;;;;;;;;;;;;;;;;;;;;;;;;;
;;;;;;x;;;;;;;;;;;;;;;;;;;;;;;;;;;;;;;;;;
MEX_90;California;;;;;;;;;;;;x;;;;;;;;;;;;;;;;;;;;;;;;;;;
MEX_2158;Zacatecas;;;;;;;;;;;;x;;;;;;;;;;;;;;;;;;;;;;;;;;;
TEX_135;Tejas del Oestee;;;;;;;;;;;;x;;;;;;;;;;;;;;;;;;;;;;;;;;;
MEX_85;Nova Algarve;;;;;;;;;;;;x;;;;;;;;;;;;;;;;;;;;;;;;;;;
PROV82;Ostgården;;;;;;;;;;;x;;;;;;;;;;;;;;;;;;;;;;;;;;;;
PROV83;Jegersborg;;;;;;;;;;;x;;;;;;;;;;;;;;;;;;;;;;;;;;;;
PROV84;São Francisco;;;;;;;;;;;x;;;;;;;;;;;;;;;;;;;;;;;;;;;;
PROV85;Ny Trondheim;;;;;;;;;;;x;;;;;;;;;;;;;;;;;;;;;;;;;;;;
PROV86;Santa Rosa;;;;;;;;;;;x;;;;;;;;;;;;;;;;;;;;;;;;;;;;
PROV87;Santa Bárbara;;;;;;;;;;;x;;;;;;;;;;;;;;;;;;;;;;;;;;;;
PROV88;Santa Ana;;;;;;;;;;;x;;;;;;;;;;;;;;;;;;;;;;;;;;;;
PROV89;Os Anjos;;;;;;;;;;;x;;;;;;;;;;;;;;;;;;;;;;;;;;;;
PROV90;San Diego;;;;;;;;;;;x;;;;;;;;;;;;;;;;;;;;;;;;;;;;
PROV104;São José;;;;;;;;;;;;x;;;;;;;;;;;;;;;;;;;;;;;;;;;
;;;;;;x;;;;;;;;;;;;;;;;;;;;;;;;;;;;;;;;;;
JAP_3348;Takasago-nai;;;;;;;;;;;;x;;;;;;;;;;;;;;;;;;;;;;;;;;;
PROV3344;Kagayan-Kô;;;;;;;;;;;;x;;;;;;;;;;;;;;;;;;;;;;;;;;;
PROV3345;Taihoku-kô;;;;;;;;;;;;x;;;;;;;;;;;;;;;;;;;;;;;;;;;
PROV3346;Kirun;;;;;;;;;;;;x;;;;;;;;;;;;;;;;;;;;;;;;;;;
PROV3347;Koshun;;;;;;;;;;;;x;;;;;;;;;;;;;;;;;;;;;;;;;;;
PROV3348;Gôkwan;;;;;;;;;;;;x;;;;;;;;;;;;;;;;;;;;;;;;;;;
PROV3349;Kôtasho;;;;;;;;;;;;x;;;;;;;;;;;;;;;;;;;;;;;;;;;
PROV3350;Sanhashuyu;;;;;;;;;;;;x;;;;;;;;;;;;;;;;;;;;;;;;;;;
PROV3351;Binhaiban;;;;;;;;;;;;x;;;;;;;;;;;;;;;;;;;;;;;;;;;
;;;;;;x;;;;;;;;;;;;;;;;;;;;;;;;;;;;;;;;;;
PROV1602;Yonzonmix;Dali;Dali;;Dali;;;;;;;;;;;;;;;;;;;;;;;;;;;;;;;;;;;
PROV1603;Bu'ri;Puer;Puer;;Puer;;;;;;;;;;;;;;;;;;;;;;;;;;;;;;;;;;;
PROV1378;Pol-lay-cu;Pleiku;Pleiku;;Pleiku;;;;;;;;;;;;;;;;;;;;;;;;;;;;;;;;;;;
PROV1378;Pol-lay-cu;Pleiku;Pleiku;;Pleiku;;;;;;;;;;;;;;;;;;;;;;;;;;;;;;;;;;;
PROV1379;Vijaya-Kauthara;Qui Nhon;Qui Nhon;;Qui Nhon;;;;;;;;;;;;;;;;;;;;;;;;;;;;;;;;;;;
PROV1380;Prey Nokor;Saigon;Saigon;;Saigón;;;;;;;;;;;;;;;;;;;;;;;;;;;;;;;;;;;
PROV1381;Panduranga;Dong Quai;Dong Quai;;Dong Quai;;;;;;;;;;;;;;;;;;;;;;;;;;;;;;;;;;;
PROV1382;Oc Eo;Dong Quai;Dong Quai;;Dong Quai;;;;;;;;;;;;;;;;;;;;;;;;;;;;;;;;;;;
PROV1383;Ca Mau;Ca Mau;Ca Mau;;Ca Mau;;;;;;;;;;;;;;;;;;;;;;;;;;;;;;;;;;;
;;;;;;x;;;;;;;;;;;;;;;;;;;;;;;;;;;;;;;;;;
PROV2096;Porto Isabel;Porto Isabel;Porto Isabel;;Porto Isabel;;;;;;;;;;;;;;;;;;;;;;;;;;;;;;;;;;;
PROV2097;Viana-Mascarenhas;Viana-Mascarenhas;Viana-Mascarenhas;;Viana-Mascarenhas;;;;;;;;;;;;;;;;;;;;;;;;;;;;;;;;;;;
PROV2245;Apetina;Apetina;Apetina;;;;;;;;;;;;;;;;;;;;;;;;;;;;;;;;;;;;;
PROV2246;Maripasoula;Maripasoula;Maripasoula;;;;;;;;;;;;;;;;;;;;;;;;;;;;;;;;;;;;;
PROV2247;Bogota;Bogota;Bogota;;;;;;;;;;;;;;;;;;;;;;;;;;;;;;;;;;;;;
PROV2248;Ibagué;Ibagué;Ibagué;;;;;;;;;;;;;;;;;;;;;;;;;;;;;;;;;;;;;
PROV2249;Tunja;Tunja;Tunja;;;;;;;;;;;;;;;;;;;;;;;;;;;;;;;;;;;;;
PROV2250;Manizales;Manizales;Manizales;;;;;;;;;;;;;;;;;;;;;;;;;;;;;;;;;;;;;
PROV2251;Cucuta;Cucuta;Cucuta;;;;;;;;;;;;;;;;;;;;;;;;;;;;;;;;;;;;;
PROV2252;Medellin;Medellín;Medellin;;;;;;;;;;;;;;;;;;;;;;;;;;;;;;;;;;;;;
PROV2253;Quibdo;Quibdo;Quibdo;;;;;;;;;;;;;;;;;;;;;;;;;;;;;;;;;;;;;
PROV2254;Cartagena de Indias;Cartagena de Indias;Cartagena de Indias;;;;;;;;;;;;;;;;;;;;;;;;;;;;;;;;;;;;;
PROV2255;Barranquilla;Barranquilla;Barranquilla;;;;;;;;;;;;;;;;;;;;;;;;;;;;;;;;;;;;;
PROV2256;Cali;Cali;Cali;;;;;;;;;;;;;;;;;;;;;;;;;;;;;;;;;;;;;
PROV2257;Popayan;Popayán;Popayan;;;;;;;;;;;;;;;;;;;;;;;;;;;;;;;;;;;;;
PROV2258;Buenaventura;Buenaventura;Buenaventura;;;;;;;;;;;;;;;;;;;;;;;;;;;;;;;;;;;;;
PROV2259;Pasto;Pasto;Pasto;;;;;;;;;;;;;;;;;;;;;;;;;;;;;;;;;;;;;
PROV2260;San Jose del Guaviare;San José del Guaviare;San Jose del Guaviare;;;;;;;;;;;;;;;;;;;;;;;;;;;;;;;;;;;;;
PROV2261;Obando;Obando;Obando;;;;;;;;;;;;;;;;;;;;;;;;;;;;;;;;;;;;;
PROV2262;Casanare;Casanare;Casanare;;;;;;;;;;;;;;;;;;;;;;;;;;;;;;;;;;;;;
PROV2263;El Encanto;El Encanto;El Encanto;;;;;;;;;;;;;;;;;;;;;;;;;;;;;;;;;;;;;
PROV2264;Caracas;Caracas;Caracas;;;;;;;;;;;;;;;;;;;;;;;;;;;;;;;;;;;;;
PROV2265;Guanare;Guanare;Guanare;;;;;;;;;;;;;;;;;;;;;;;;;;;;;;;;;;;;;
PROV2266;Calabozo;Calabozo;Calabozo;;;;;;;;;;;;;;;;;;;;;;;;;;;;;;;;;;;;;
PROV2267;Cumana;Cumana;Cumana;;;;;;;;;;;;;;;;;;;;;;;;;;;;;;;;;;;;;
PROV2268;San Felipe;San Felipe;San Felipe;;;;;;;;;;;;;;;;;;;;;;;;;;;;;;;;;;;;;
PROV2269;Guiria;Guiria;Guiria;;;;;;;;;;;;;;;;;;;;;;;;;;;;;;;;;;;;;
PROV2270;Maracaibo;Maracaibo;Maracaibo;;;;;;;;;;;;;;;;;;;;;;;;;;;;;;;;;;;;;
PROV2271;Valera;Valera;Valera;;;;;;;;;;;;;;;;;;;;;;;;;;;;;;;;;;;;;
PROV2272;Coro;Coro;Coro;;;;;;;;;;;;;;;;;;;;;;;;;;;;;;;;;;;;;
PROV2273;Barquisimeto;Barquisimeto;Barquisimeto;;;;;;;;;;;;;;;;;;;;;;;;;;;;;;;;;;;;;
PROV2274;Barinas;Barinas;Barinas;;;;;;;;;;;;;;;;;;;;;;;;;;;;;;;;;;;;;
PROV2275;Angostura;Angostura;Angostura;;;;;;;;;;;;;;;;;;;;;;;;;;;;;;;;;;;;;
PROV2276;Curiapo;Curiapo;Curiapo;;;;;;;;;;;;;;;;;;;;;;;;;;;;;;;;;;;;;
PROV2277;El Jobal;El Jobal;El Jobal;;;;;;;;;;;;;;;;;;;;;;;;;;;;;;;;;;;;;
PROV2278;San Fernando de Atabapo;San Fernando de Atabapo;San Fernando de Atabapo;;;;;;;;;;;;;;;;;;;;;;;;;;;;;;;;;;;;;
PROV2279;Quito;Quito;Quito;;;;;;;;;;;;;;;;;;;;;;;;;;;;;;;;;;;;;
PROV2280;Guayaquil;Guayaquil;Guayaquil;;;;;;;;;;;;;;;;;;;;;;;;;;;;;;;;;;;;;
PROV2281;Esmereldas;Esmereldas;Esmeraldas;;;;;;;;;;;;;;;;;;;;;;;;;;;;;;;;;;;;;
PROV2282;Loja;Loja;Loja;;;;;;;;;;;;;;;;;;;;;;;;;;;;;;;;;;;;;
PROV2283;Zamora;Zamora;Zamora;;;;;;;;;;;;;;;;;;;;;;;;;;;;;;;;;;;;;
PROV2284;Tena;Tena;Tena;;;;;;;;;;;;;;;;;;;;;;;;;;;;;;;;;;;;;
PROV2285;Galapagos;Galapagos;Galapagos;;;;;;;;;;;;;;;;;;;;;;;;;;;;;;;;;;;;;
PROV2286;Iquitos;Iquitos;Iquitos;;;;;;;;;;;;;;;;;;;;;;;;;;;;;;;;;;;;;
PROV2287;Yurimaguas;Yurimaguas;Yurimaguas;;;;;;;;;;;;;;;;;;;;;;;;;;;;;;;;;;;;;
PROV2288;Yuncos;Yuncos;Yuncos;;;;;;;;;;;;;;;;;;;;;;;;;;;;;;;;;;;;;
PROV2289;Puca Urco;Puca Urco;Puca Urco;;;;;;;;;;;;;;;;;;;;;;;;;;;;;;;;;;;;;
PROV2290;Chan Chan;Chan Chan;Chan Chan;;;;;;;;;;;;;;;;;;;;;;;;;;;;;;;;;;;;;
PROV2291;Piura;Piura;Piura;;;;;;;;;;;;;;;;;;;;;;;;;;;;;;;;;;;;;
PROV2292;Trujillo;Trujillo;Trujillo;;;;;;;;;;;;;;;;;;;;;;;;;;;;;;;;;;;;;
PROV2293;Huanuco;Huanuco;Huanuco;;;;;;;;;;;;;;;;;;;;;;;;;;;;;;;;;;;;;
PROV2294;Moyobamba;Moyobamba;Moyobamba;;;;;;;;;;;;;;;;;;;;;;;;;;;;;;;;;;;;;
PROV2295;Pachamaq;Pachamaq;Pachamaq;;;;;;;;;;;;;;;;;;;;;;;;;;;;;;;;;;;;;
PROV2296;Huancavelica;Huancavelica;Huancavelica;;;;;;;;;;;;;;;;;;;;;;;;;;;;;;;;;;;;;
PROV2297;Ica;Ica;Ica;;;;;;;;;;;;;;;;;;;;;;;;;;;;;;;;;;;;;
PROV2298;Huaraz;Huaraz;Huaraz;;;;;;;;;;;;;;;;;;;;;;;;;;;;;;;;;;;;;
PROV2299;Wámanmarka;Wámanmarka;Wámanmarka;;;;;;;;;;;;;;;;;;;;;;;;;;;;;;;;;;;;;
PROV2300;Pucallpa;Pucallpa;Pucallpa;;;;;;;;;;;;;;;;;;;;;;;;;;;;;;;;;;;;;
PROV2301;Urubamba;Urubamba;Urubamba;;;;;;;;;;;;;;;;;;;;;;;;;;;;;;;;;;;;;
PROV2302;Cusco;Cusco;Cusco;;;;;;;;;;;;;;;;;;;;;;;;;;;;;;;;;;;;;
PROV2303;Hullaqa;Hullaqa;Hullaqa;;;;;;;;;;;;;;;;;;;;;;;;;;;;;;;;;;;;;
PROV2304;Ariqipa;Ariqipa;Ariqipa;;;;;;;;;;;;;;;;;;;;;;;;;;;;;;;;;;;;;
PROV2305;Antapakay;Antapakay;Antapakay;;;;;;;;;;;;;;;;;;;;;;;;;;;;;;;;;;;;;
;;;;;;;;;;;;;;;;;;;;;;;;;;;;;;;;;;;;;;;;
PROV2307;Puno;Puno;Puno;;;;;;;;;;;;;;;;;;;;;;;;;;;;;;;;;;;;;
PROV2308;Arica;Arica;Arica;;;;;;;;;;;;;;;;;;;;;;;;;;;;;;;;;;;;;
PROV2309;Carama;Carama;Carama;;;;;;;;;;;;;;;;;;;;;;;;;;;;;;;;;;;;;
PROV2404;Mura;;;;;;;;;;;;;;;;;;x;;;;;;;;;;;;;;;;;;;;;
PROV2405;Munduruku;;;;;;;;;;;;;;;;;;x;;;;;;;;;;;;;;;;;;;;;
PROV2407;Kanamari;;;;;;;;;;;;;;;;;;x;;;;;;;;;;;;;;;;;;;;;
PROV2410;Trani;;;;;;;;;;;;;;;;;;x;;;;;;;;;;;;;;;;;;;;;
PROV2411;Santa Irene;;;;;;;;;;;;;;;;;;x;;;;;;;;;;;;;;;;;;;;;
PROV2423;Anto;;;;;;;;;;;;;;;;;;x;;;;;;;;;;;;;;;;;;;;;
PROV2424;Noa Cêzari;;;;;;;;;;;;;;;;;;x;;;;;;;;;;;;;;;;;;;;;
PROV2425;Appi;;;;;;;;;;;;;;;;;;x;;;;;;;;;;;;;;;;;;;;;
PROV2426;Borapra;;;;;;;;;;;;;;;;;;x;;;;;;;;;;;;;;;;;;;;;
PROV2427;Cozza;;;;;;;;;;;;;;;;;;x;;;;;;;;;;;;;;;;;;;;;
PROV2428;Talada;;;;;;;;;;;;;;;;;;x;;;;;;;;;;;;;;;;;;;;;
PROV2429;Adrina;;;;;;;;;;;;;;;;;;x;;;;;;;;;;;;;;;;;;;;;
PROV2430;Phileno;;;;;;;;;;;;;;;;;;x;;;;;;;;;;;;;;;;;;;;;
PROV2431;Nadal;;;;;;;;;;;;;;;;;;x;;;;;;;;;;;;;;;;;;;;;
PROV2432;Aqimannia;;;;;;;;;;;;;;;;;;x;;;;;;;;;;;;;;;;;;;;;
PROV2433;Cocynta;;;;;;;;;;;;;;;;;;x;;;;;;;;;;;;;;;;;;;;;
PROV2434;Amda;;;;;;;;;;;;;;;;;;x;;;;;;;;;;;;;;;;;;;;;
PROV2438;Amana;;;;;;;;;;;;;;;;;;x;;;;;;;;;;;;;;;;;;;;;
PROV2444;Sete;;;;;;;;;;;;;;;;;;x;;;;;;;;;;;;;;;;;;;;;
BRZ_2408;Trìgu-Pre;;;;;;;;;;;;;;;;;;x;;;;;;;;;;;;;;;;;;;;;
BRZ_2410;Maragnània;;;;;;;;;;;;;;;;;;x;;;;;;;;;;;;;;;;;;;;;
BRZ_2416;Buscu Grandhe;;;;;;;;;;;;;;;;;;x;;;;;;;;;;;;;;;;;;;;;
BRZ_2421;Goiazana;;;;;;;;;;;;;;;;;;x;;;;;;;;;;;;;;;;;;;;;
BRZ_2428;Tèrra de Alba;;;;;;;;;;;;;;;;;;x;;;;;;;;;;;;;;;;;;;;;
PRG_2343;Paraguai;;;;;;;;;;;;;;;;;;x;;;;;;;;;;;;;;;;;;;;;
;;;;;;;;;;;;;;;;;;;x;;;;;;;;;;;;;;;;;;;;;
;;;;;;;;;;;;;;;;;;;x;;;;;;;;;;;;;;;;;;;;;
;;;;;;;;;;;;;;;;;;;x;;;;;;;;;;;;;;;;;;;;;
;;;;;;;;;;;;;;;;;;;x;;;;;;;;;;;;;;;;;;;;;
;;;;;;;;;;;;;;;;;;;x;;;;;;;;;;;;;;;;;;;;;
;;;;;;;;;;;;;;;;;;;x;;;;;;;;;;;;;;;;;;;;;
;;;;;;;;;;;;;;;;;;;x;;;;;;;;;;;;;;;;;;;;;
;;;;;;;;;;;;;;;;;;;x;;;;  ;;;;;;;;;;;;;;;;;
;;;;;;;;;;;;;;;;;;;x;;;; ;;;;;;;;;;;;;;;;;
;;;;;;;;;;;;;;;;;;;x;;;;  ;;;;;;;;;;;;;;;;;
;;;;;;;;;;;;;;;;;;;x;;;; ;;;;;;;;;;;;;;;;;
;;;;;;x;;;;;;;;;;;;;;;;;;;;;;;;;;;;;;;;;;
PROV1062;Sumgut-Vosh;;;;;;;;;;;;;;;;;;x;;;
PROV2682;Pulñawat-Vosh;;;;;;;;;;;;;;;;;;x;;;;
PROV1030;Ozän;;;;;;;;;;;;;;;;;;x;;;;
RUS_1052;Avarestan;;;;;;;;;;;;;;;;;;x;;;;;;;;;;;;;;;;;;;;;
TIM_1055;Tön'jak Kavkaz;;;;;;;;;;;;;;;;;;x;;;;;;;;;;;;;;;;;;;;;
SWE_357;Courland;;;;;;;;;;;;x;;;;;;;;;;;;;;;;;;;;;;;;;;;
PROV1049;Shapsug;;;;;;;;;;;;x;;;;;;;;;;;;;;;;;;;;;;;;;;;
PROV1050;Kæcær;;;;;;;;;;;;x;;;;;;;;;;;;;;;;;;;;;;;;;;;
PROV1052;Darband;;;;;;;;;;;;;;;;;;x;;;;;;;;;;;;;;;;;;;;;
ALN_1055;Noxçiyçö;;;;;;;;;;;;x;;;;;;;;;;;;;;;;;;;;;;;;;;;
ALN_1056;Âllonšton;;;;;;;;;;;;x;;;;;;;;;;;;;;;;;;;;;;;;;;;
RUS_3318;Xazari;;;;;;;;;;;;x;;;;;;;;;;;;;;;;;;;;;;;;;;;
TNT_1068;Tagna Urianhai;;;;;;;;;;;;x;;;;;;;;;;;;;;;;;;;;;;;;;;;
RUS_1048;Iugond Cerkes;;;;;;;;;;;;x;;;;;;;;;;;;;;;;;;;;;;;;;;;
CIR_3312;Skæsæn Cerkes;;;;;;;;;;;;x;;;;;;;;;;;;;;;;;;;;;;;;;;;
TUN_1726;Qart'hagenia;;;;;;;;;;;;x;;;;;;;;;;;;;;;;;;;;;;;;;;;
TUN_1725;Africa Cartajennia;;;;;;;;;;;;x;;;;;;;;;;;;;;;;;;;;;;;;;;;
PROV1056;Khokhifondz;;;;;;;;;;;;x;;;;;;;;;;;;;;;;;;;;;;;;;;;
PROV1055;Sölscha-Ghala;;;;;;;;;;;;;;;;;;x;;;;;;;;;;;;;;;;;;;;;
PROV1054;Dzæudžyqæu;;;;;;;;;;;;x;;;;;;;;;;;;;;;;;;;;;;;;;;;
PROV1091;Upliscixæ;;;;;;;;;;;;x;;;;;;;;;;;;;;;;;;;;;;;;;;;
PROV3282;Mississippi Delta;;;;;;;;;;;;x;;;;;;;;;;;;;;;;;;;;;;;;;;;
PROV3283;Lower Mississippi;;;;;;;;;;;;x;;;;;;;;;;;;;;;;;;;;;;;;;;;
PROV3284;Upper Mississippi;;;;;;;;;;;;x;;;;;;;;;;;;;;;;;;;;;;;;;;;
PROV3285;Illinois;;;;;;;;;;;;x;;;;;;;;;;;;;;;;;;;;;;;;;;;
PROV3286;StLaurence;;;;;;;;;;;;x;;;;;;;;;;;;;;;;;;;;;;;;;;;
PROV3287;Shirvan;;;;;;;;;;;;x;;;;;;;;;;;;;;;;;;;;;;;;;;;
PROV3288;Shushi;;;;;;;;;;;;x;;;;;;;;;;;;;;;;;;;;;;;;;;;
PROV3289;Qazakh;;;;;;;;;;;;x;;;;;;;;;;;;;;;;;;;;;;;;;;;
PROV3290;Ilisu;;;;;;;;;;;;x;;;;;;;;;;;;;;;;;;;;;;;;;;;
PROV3291;Gori;;;;;;;;;;;;x;;;;;;;;;;;;;;;;;;;;;;;;;;;
PROV3292;Meçeta;;;;;;;;;;;;x;;;;;;;;;;;;;;;;;;;;;;;;;;;
PROV3293;Kakheti;;;;;;;;;;;;x;;;;;;;;;;;;;;;;;;;;;;;;;;;
PROV3294;Naftqaleh;;;;;;;;;;;;x;;;;;;;;;;;;;;;;;;;;;;;;;;;
PROV3295;Gümse;;;;;;;;;;;;x;;;;;;;;;;;;;;;;;;;;;;;;;;;
PROV3296;Sortavala;;;;;;;;;;;;x;;;;;;;;;;;;;;;;;;;;;;;;;;;
PROV3297;Kuopio;;;;;;;;;;;;x;;;;;;;;;;;;;;;;;;;;;;;;;;;
PROV3298;Mohyliv;;;;;;;;;;;;x;;;;;;;;;;;;;;;;;;;;;;;;;;;
PROV3299;Beshta;;;;;;;;;;;;x;;;;;;;;;;;;;;;;;;;;;;;;;;;
PROV3300;Enderi;;;;;;;;;;;;x;;;;;;;;;;;;;;;;;;;;;;;;;;;
PROV3301;Majar;;;;;;;;;;;;x;;;;;;;;;;;;;;;;;;;;;;;;;;;
PROV3302;Sochi;;;;;;;;;;;;x;;;;;;;;;;;;;;;;;;;;;;;;;;;
PROV3303;Maikop;;;;;;;;;;;;x;;;;;;;;;;;;;;;;;;;;;;;;;;;
PROV3304;Quba;;;;;;;;;;;;x;;;;;;;;;;;;;;;;;;;;;;;;;;;
PROV3305;Tarki;;;;;;;;;;;;x;;;;;;;;;;;;;;;;;;;;;;;;;;;
PROV3306;Kaitag;;;;;;;;;;;;x;;;;;;;;;;;;;;;;;;;;;;;;;;;
PROV3307;Agwali;;;;;;;;;;;;x;;;;;;;;;;;;;;;;;;;;;;;;;;;
PROV3308;Akusha;;;;;;;;;;;;x;;;;;;;;;;;;;;;;;;;;;;;;;;;
PROV3309;Tshakur;;;;;;;;;;;;x;;;;;;;;;;;;;;;;;;;;;;;;;;;
PROV3310;Näsare;;;;;;;;;;;;x;;;;;;;;;;;;;;;;;;;;;;;;;;;
PROV3311;Mæsdega;;;;;;;;;;;;x;;;;;;;;;;;;;;;;;;;;;;;;;;;
PROV3312;Elbrus;;;;;;;;;;;;x;;;;;;;;;;;;;;;;;;;;;;;;;;;
PROV3313;Abdzakh;;;;;;;;;;;;x;;;;;;;;;;;;;;;;;;;;;;;;;;;
PROV3314;Besleney;;;;;;;;;;;;x;;;;;;;;;;;;;;;;;;;;;;;;;;;
PROV3315;Abadzekh;;;;;;;;;;;;x;;;;;;;;;;;;;;;;;;;;;;;;;;;
PROV3316;Kemguy;;;;;;;;;;;;x;;;;;;;;;;;;;;;;;;;;;;;;;;;
PROV3318;Kuma;;;;;;;;;;;;x;;;;;;;;;;;;;;;;;;;;;;;;;;;
PROV3319;Sandiomerz;;;;;;;;;;;;x;;;;;;;;;;;;;;;;;;;;;;;;;;;
PROV3320;Belz;;;;;;;;;;;;x;;;;;;;;;;;;;;;;;;;;;;;;;;;
PROV3321;Ashtarak;;;;;;;;;;;;x;;;;;;;;;;;;;;;;;;;;;;;;;;;
PROV3322;Ighdir;;;;;;;;;;;;x;;;;;;;;;;;;;;;;;;;;;;;;;;;
PROV3323;Comenei;;;;;;;;;;;;x;;;;;;;;;;;;;;;;;;;;;;;;;;;
PROV3324;Gawlana;;;;;;;;;;;;x;;;;;;;;;;;;;;;;;;;;;;;;;;;
PROV3325;Barja;;;;;;;;;;;;x;;;;;;;;;;;;;;;;;;;;;;;;;;;
PROV3326;Gounieh;;;;;;;;;;;;x;;;;;;;;;;;;;;;;;;;;;;;;;;;
PROV3327;Zahlé;;;;;;;;;;;;x;;;;;;;;;;;;;;;;;;;;;;;;;;;
PROV913;Be'rut;;;;;;;;;;;;x;;;;;;;;;;;;;;;;;;;;;;;;;;;
PROV914;Mahallata;;;;;;;;;;;;x;;;;;;;;;;;;;;;;;;;;;;;;;;;
PROV915;Sîdon;;;;;;;;;;;;x;;;;;;;;;;;;;;;;;;;;;;;;;;;
PROV905;Ramitha;;;;;;;;;;;;x;;;;;;;;;;;;;;;;;;;;;;;;;;;
PROV894;Atana;;;;;;;;;;;;x;;;;;;;;;;;;;;;;;;;;;;;;;;;
PROV895;Mersin;;;;;;;;;;;;x;;;;;;;;;;;;;;;;;;;;;;;;;;;
PROV896;Marash;;;;;;;;;;;;x;;;;;;;;;;;;;;;;;;;;;;;;;;;
PROV898;Aintab;;;;;;;;;;;;x;;;;;;;;;;;;;;;;;;;;;;;;;;;
PROV900;Antiok';;;;;;;;;;;;x;;;;;;;;;;;;;;;;;;;;;;;;;;;
PROV3328;Mardin;;;;;;;;;;;;x;;;;;;;;;;;;;;;;;;;;;;;;;;;
PROV3329;Nusaybin;;;;;;;;;;;;x;;;;;;;;;;;;;;;;;;;;;;;;;;;
PROV3330;Umm Al-Rashrash;;;;;;;;;;;;x;;;;;;;;;;;;;;;;;;;;;;;;;;;
PROV3340;Abu Hamed;;;;;;;;;;;;x;;;;;;;;;;;;;;;;;;;;;;;;;;;
PROV3364;Barteni;;;;;;;;;;;;x;;;;;;;;;;;;;;;;;;;;;;;;;;;
PROV3365;Sifacs;;;;;;;;;;;;x;;;;;;;;;;;;;;;;;;;;;;;;;;;
PROV3366;Nabeli di Libia;;;;;;;;;;;;x;;;;;;;;;;;;;;;;;;;;;;;;;;;
PROV1680;Boruddi;;;;;;;;;;;;x;;;;;;;;;;;;;;;;;;;;;;;;;;;
PROV1681;Sarna;;;;;;;;;;;;x;;;;;;;;;;;;;;;;;;;;;;;;;;;
PROV1682;Nêrona;;;;;;;;;;;;x;;;;;;;;;;;;;;;;;;;;;;;;;;;
PROV1683;Morru;;;;;;;;;;;;x;;;;;;;;;;;;;;;;;;;;;;;;;;;
PROV1684;Siorru;;;;;;;;;;;;x;;;;;;;;;;;;;;;;;;;;;;;;;;;
PROV1685;Çecemate;;;;;;;;;;;;x;;;;;;;;;;;;;;;;;;;;;;;;;;;
PROV1686;Servini;;;;;;;;;;;;x;;;;;;;;;;;;;;;;;;;;;;;;;;;
PROV1687;Banazza;;;;;;;;;;;;x;;;;;;;;;;;;;;;;;;;;;;;;;;;
PROV1688;Sero;;;;;;;;;;;;x;;;;;;;;;;;;;;;;;;;;;;;;;;;
PROV1689;Rusaddi;;;;;;;;;;;;x;;;;;;;;;;;;;;;;;;;;;;;;;;;
PROV1690;Ovipasca;;;;;;;;;;;;x;;;;;;;;;;;;;;;;;;;;;;;;;;;
PROV1691;Traiani;;;;;;;;;;;;x;;;;;;;;;;;;;;;;;;;;;;;;;;;
PROV1692;Tasia;;;;;;;;;;;;x;;;;;;;;;;;;;;;;;;;;;;;;;;;
PROV1693;Gerine;;;;;;;;;;;;x;;;;;;;;;;;;;;;;;;;;;;;;;;;
PROV1694;Ille;;;;;;;;;;;;x;;;;;;;;;;;;;;;;;;;;;;;;;;;
PROV1695;Amsedra;;;;;;;;;;;;x;;;;;;;;;;;;;;;;;;;;;;;;;;;
PROV1696;Accala;;;;;;;;;;;;x;;;;;;;;;;;;;;;;;;;;;;;;;;;
PROV1697;Sermina;;;;;;;;;;;;x;;;;;;;;;;;;;;;;;;;;;;;;;;;
PROV1698;Rimosia;;;;;;;;;;;;x;;;;;;;;;;;;;;;;;;;;;;;;;;;
PROV1699;Adrar;;;;;;;;;;;;x;;;;;;;;;;;;;;;;;;;;;;;;;;;
PROV2563;Liba;;;;;;;;;;;;x;;;;;;;;;;;;;;;;;;;;;;;;;;;
PROV1726;Hibbon;;;;;;;;;;;;x;;;;;;;;;;;;;;;;;;;;;;;;;;;
PROV1728;Çayrawan;;;;;;;;;;;;x;;;;;;;;;;;;;;;;;;;;;;;;;;;
PROV3367;Berneza;;;;;;;;;;;;x;;;;;;;;;;;;;;;;;;;;;;;;;;;
PROV1694;Tata;;;;;;;;;;;;x;;;;;;;;;;;;;;;;;;;;;;;;;;;
PROV1718;Bechar;;;;;;;;;;;;x;;;;;;;;;;;;;;;;;;;;;;;;;;;
PROV1719;Lussiga;;;;;;;;;;;;x;;;;;;;;;;;;;;;;;;;;;;;;;;;
PROV1700;Cêzari;;;;;;;;;;;;x;;;;;;;;;;;;;;;;;;;;;;;;;;;
PROV1701;Monia;;;;;;;;;;;;x;;;;;;;;;;;;;;;;;;;;;;;;;;;
PROV1702;Setifi;;;;;;;;;;;;x;;;;;;;;;;;;;;;;;;;;;;;;;;;
PROV1703;Tiginta;;;;;;;;;;;;x;;;;;;;;;;;;;;;;;;;;;;;;;;;
PROV1704;Bortimanni;;;;;;;;;;;;x;;;;;;;;;;;;;;;;;;;;;;;;;;;
PROV1705;Pomaria;;;;;;;;;;;;x;;;;;;;;;;;;;;;;;;;;;;;;;;;
PROV1706;Cartana;;;;;;;;;;;;x;;;;;;;;;;;;;;;;;;;;;;;;;;;
PROV1707;Aldabba;;;;;;;;;;;;x;;;;;;;;;;;;;;;;;;;;;;;;;;;
PROV1708;Cytra;;;;;;;;;;;;x;;;;;;;;;;;;;;;;;;;;;;;;;;;
PROV1709;Ponna;;;;;;;;;;;;x;;;;;;;;;;;;;;;;;;;;;;;;;;;
PROV1710;Urasi;;;;;;;;;;;;x;;;;;;;;;;;;;;;;;;;;;;;;;;;
PROV1711;Tufusca;;;;;;;;;;;;x;;;;;;;;;;;;;;;;;;;;;;;;;;;
PROV1712;Agelli;;;;;;;;;;;;x;;;;;;;;;;;;;;;;;;;;;;;;;;;
PROV1712;Tafasca;;;;;;;;;;;;x;;;;;;;;;;;;;;;;;;;;;;;;;;;
PROV1720;Timimoun;;;;;;;;;;;;x;;;;;;;;;;;;;;;;;;;;;;;;;;;
PROV1721;Prachamasi;;;;;;;;;;;;x;;;;;;;;;;;;;;;;;;;;;;;;;;;
PROV1725;Cartajena;;;;;;;;;;;;x;;;;;;;;;;;;;;;;;;;;;;;;;;;
PROV1727;Capsa;;;;;;;;;;;;x;;;;;;;;;;;;;;;;;;;;;;;;;;;
PROV1729;Tamalle;;;;;;;;;;;;x;;;;;;;;;;;;;;;;;;;;;;;;;;;
PROV1730;Takape;;;;;;;;;;;;x;;;;;;;;;;;;;;;;;;;;;;;;;;;
PROV1731;Çêa;;;;;;;;;;;;x;;;;;;;;;;;;;;;;;;;;;;;;;;;
PROV1732;Tabala;;;;;;;;;;;;x;;;;;;;;;;;;;;;;;;;;;;;;;;;
PROV1733;Leppi;;;;;;;;;;;;x;;;;;;;;;;;;;;;;;;;;;;;;;;;
PROV1734;Çaraza;;;;;;;;;;;;x;;;;;;;;;;;;;;;;;;;;;;;;;;;
PROV1735;Bemiccy;;;;;;;;;;;;x;;;;;;;;;;;;;;;;;;;;;;;;;;;
PROV1736;Cyrne;;;;;;;;;;;;x;;;;;;;;;;;;;;;;;;;;;;;;;;;
PROV1738;Viccora;;;;;;;;;;;;x;;;;;;;;;;;;;;;;;;;;;;;;;;;
PROV1740;Garbe;;;;;;;;;;;;x;;;;;;;;;;;;;;;;;;;;;;;;;;;
PROV1741;Çernica;;;;;;;;;;;;x;;;;;;;;;;;;;;;;;;;;;;;;;;;
PROV1742;Rênurri;;;;;;;;;;;;x;;;;;;;;;;;;;;;;;;;;;;;;;;;
PROV1744;Bana;;;;;;;;;;;;x;;;;;;;;;;;;;;;;;;;;;;;;;;;
PROV1773;Neccini;;;;;;;;;;;;x;;;;;;;;;;;;;;;;;;;;;;;;;;;
PROV1774;Amewal;;;;;;;;;;;;x;;;;;;;;;;;;;;;;;;;;;;;;;;;
PROV2590;Veroni;;;;;;;;;;;;x;;;;;;;;;;;;;;;;;;;;;;;;;;;
PROV2670;Ulaan-Üd;;;;;;;;;;;;x;;;;;;;;;;;;;;;;;;;;;;;;;;;
PROV2674;Abahan;;;;;;;;;;;;x;;;;;;;;;;;;;;;;;;;;;;;;;;;
PROV1075;Erhüü;;;;;;;;;;;;x;;;;;;;;;;;;;;;;;;;;;;;;;;;
PROV1068;Ulalu;;;;;;;;;;;;x;;;;;;;;;;;;;;;;;;;;;;;;;;;
PROV3466;Hohenau;;;;;;;;;;;;x;;;;;;;;;;;;;;;;;;;;;;;;;;;
PROV3467;Vasvar;;;;;;;;;;;;x;;;;;;;;;;;;;;;;;;;;;;;;;;;
PROV3468;Kapuvar;;;;;;;;;;;;x;;;;;;;;;;;;;;;;;;;;;;;;;;;
PROV3469;Kutna Hora;;;;;;;;;;;;x;;;;;;;;;;;;;;;;;;;;;;;;;;;
PROV3470;Slýn;;;;;;;;;;;;x;;;;;;;;;;;;;;;;;;;;;;;;;;;
PROV2778;Blatenské jazero;;;;;;;;;;;;x;;;;;;;;;;;;;;;;;;;;;;;;;;;
;;;;;;x;;;;;;;;;;;;;;;;;;;;;;;;;;;;;;;;;;
SPA_477;Astorga;;;;;;;;;;;;x;;;;;;;;;;;;;;;;;;;;;;;;;;;
FRA_458;Aquitania;;;;;;;;;;;;x;;;;;;;;;;;;;;;;;;;;;;;;;;;
PROV455;Tolosa;;;;;;;;;;;;x;;;;;;;;;;;;;;;;;;;;;;;;;;;
PROV457;Cominges;;;;;;;;;;;;x;;;;;;;;;;;;;;;;;;;;;;;;;;;
PROV458;Bordèu;;;;;;;;;;;;x;;;;;;;;;;;;;;;;;;;;;;;;;;;
PROV459;Gavardan;;;;;;;;;;;;x;;;;;;;;;;;;;;;;;;;;;;;;;;;
PROV460;Paue;;;;;;;;;;;;x;;;;;;;;;;;;;;;;;;;;;;;;;;;
PROV463;Narbün;;;;;;;;;;;;x;;;;;;;;;;;;;;;;;;;;;;;;;;;
PROV464;Pipinnën;;;;;;;;;;;;x;;;;;;;;;;;;;;;;;;;;;;;;;;;
SPA_474;Gallæcia;;;;;;;;;;;;x;;;;;;;;;;;;;;;;;;;;;;;;;;;
SPA_479;Castela;;;;;;;;;;;;x;;;;;;;;;;;;;;;;;;;;;;;;;;;
PROV3252;Föhs;;;;;;;;;;;;x;;;;;;;;;;;;;;;;;;;;;;;;;;;
;;;;;;x;;;;;;;;;;;;;;;;;;;;;;;;;;;;;;;;;;
PROV474;Crunha;;;;;;;;;;;;;;;;;;;;;;;;;;;;;;;;;;;;;;;
PROV476;Vigo;;;;;;;;;;;;;;;;;;;;;;;;;;;;;;;;;;;;;;;
PROV475;Uviéu;;;;;;;;;;;;;;;;;;;;;;;;;;;;;;;;;;;;;;;
PROV477;Asturgo;;;;;;;;;;;;;;;;;;;;;;;;;;;;;;;;;;;;;;;
PROV478;Sanander;;;;;;;;;;;;;;;;;;;;;;;;;;;;;;;;;;;;;;;
PROV479;Burgo;;;;;;;;;;;;;;;;;;;;;;;;;;;;;;;;;;;;;;;
PROV481;Orie;;;;;;;;;;;;;;;;;;;;;;;;;;;;;;;;;;;;;;;
PROV480;Pallanto;;;;;;;;;;;;;;;;;;;;;;;;;;;;;;;;;;;;;;;
PROV482;Salmate;;;;;;;;;;;;;;;;;;;;;;;;;;;;;;;;;;;;;;;
PROV483;Abelu;;;;;;;;;;;;;;;;;;;;;;;;;;;;;;;;;;;;;;;
PROV484;Emerite;;;;;;;;;;;;;;;;;;;;;;;;;;;;;;;;;;;;;;;
PROV485;Ambroce;;;;;;;;;;;;;;;;;;;;;;;;;;;;;;;;;;;;;;;
PROV486;Cecidda;;;;;;;;;;;;;;;;;;;;;;;;;;;;;;;;;;;;;;;
PROV487;Magetoru;;;;;;;;;;;;;;;;;;;;;;;;;;;;;;;;;;;;;;;
PROV488;Segotia;;;;;;;;;;;;;;;;;;;;;;;;;;;;;;;;;;;;;;;
PROV489;Toletu;;;;;;;;;;;;;;;;;;;;;;;;;;;;;;;;;;;;;;;
PROV490;Antiurge;;;;;;;;;;;;;;;;;;;;;;;;;;;;;;;;;;;;;;;
PROV491;Balberde;;;;;;;;;;;;;;;;;;;;;;;;;;;;;;;;;;;;;;;
PROV492;Bilbo;;;;;;;;;;;;;;;;;;;;;;;;;;;;;;;;;;;;;;;
PROV493;Olit;;;;;;;;;;;;;;;;;;;;;;;;;;;;;;;;;;;;;;;
PROV494;Vaddetolito;;;;;;;;;;;;;;;;;;;;;;;;;;;;;;;;;;;;;;;
PROV495;Saragossa;;;;;;;;;;;;;;;;;;;;;;;;;;;;;;;;;;;;;;;
PROV497;Teròl;;;;;;;;;;;;;;;;;;;;;;;;;;;;;;;;;;;;;;;
PROV498;Barssalona;;;;;;;;;;;;;;;;;;;;;;;;;;;;;;;;;;;;;;;
PROV499;Girona;;;;;;;;;;;;;;;;;;;;;;;;;;;;;;;;;;;;;;;
PROV500;Lhèida;;;;;;;;;;;;;;;;;;;;;;;;;;;;;;;;;;;;;;;
PROV501;Tarragona;;;;;;;;;;;;;;;;;;;;;;;;;;;;;;;;;;;;;;;
PROV502;Ìsulas Baleares;;;;;;;;;;;;;;;;;;;;;;;;;;;;;;;;;;;;;;;
PROV503;Valentzia;;;;;;;;;;;;;;;;;;;;;;;;;;;;;;;;;;;;;;;
PROV504;Castariu;;;;;;;;;;;;;;;;;;;;;;;;;;;;;;;;;;;;;;;
PROV505;Elitzi;;;;;;;;;;;;;;;;;;;;;;;;;;;;;;;;;;;;;;;
PROV507;Murtzia;;;;;;;;;;;;;;;;;;;;;;;;;;;;;;;;;;;;;;;
PROV506;Cartagine Noa;;;;;;;;;;;;;;;;;;;;;;;;;;;;;;;;;;;;;;;
PROV508;Celtaba;;;;;;;;;;;;;;;;;;;;;;;;;;;;;;;;;;;;;;;
PROV509;Ispale;;;;;;;;;;;;;;;;;;;;;;;;;;;;;;;;;;;;;;;
PROV510;Cortuba;;;;;;;;;;;;;;;;;;;;;;;;;;;;;;;;;;;;;;;
PROV511;Onuba;;;;;;;;;;;;;;;;;;;;;;;;;;;;;;;;;;;;;;;
PROV512;Sa Gadira;;;;;;;;;;;;;;;;;;;;;;;;;;;;;;;;;;;;;;;
PROV513;Ilibere;;;;;;;;;;;;;;;;;;;;;;;;;;;;;;;;;;;;;;;
PROV514;Malaga;;;;;;;;;;;;;;;;;;;;;;;;;;;;;;;;;;;;;;;
PROV515;Orci;;;;;;;;;;;;;;;;;;;;;;;;;;;;;;;;;;;;;;;
PROV516;Orancu;;;;;;;;;;;;;;;;;;;;;;;;;;;;;;;;;;;;;;;
PROV517;Mont Eracle;;;;;;;;;;;;;;;;;;;;;;;;;;;;;;;;;;;;;;;
PROV518;Portugal;;;;;;;;;;;;;;;;;;;;;;;;;;;;;;;;;;;;;;;
PROV519;Dourocida;;;;;;;;;;;;;;;;;;;;;;;;;;;;;;;;;;;;;;;
PROV520;Cavazulia;;;;;;;;;;;;;;;;;;;;;;;;;;;;;;;;;;;;;;;
PROV521;Ulisibu;;;;;;;;;;;;;;;;;;;;;;;;;;;;;;;;;;;;;;;
PROV522;Eminiu;;;;;;;;;;;;;;;;;;;;;;;;;;;;;;;;;;;;;;;
PROV523;Orante;;;;;;;;;;;;;;;;;;;;;;;;;;;;;;;;;;;;;;;
PROV524;Setobriga;;;;;;;;;;;;;;;;;;;;;;;;;;;;;;;;;;;;;;;
PROV525;Eboracu;;;;;;;;;;;;;;;;;;;;;;;;;;;;;;;;;;;;;;;
PROV526;Paca;;;;;;;;;;;;;;;;;;;;;;;;;;;;;;;;;;;;;;;
PROV527;Osonoba;;;;;;;;;;;;;;;;;;;;;;;;;;;;;;;;;;;;;;;
PROV2136;Ìsulas Caniu;;;;;;;;;;;;;;;;;;;;;;;;;;;;;;;;;;;;;;;
PROV2134;Asures;;;;;;;;;;;;;;;;;;;;;;;;;;;;;;;;;;;;;;;
PROV2135;Benedattu;;;;;;;;;;;;;;;;;;;;;;;;;;;;;;;;;;;;;;;
;;;;;;x;;;;;;;;;;;;;;;;;;;;;;;;;;;;;;;;;;
LST_141;São Salvador;;;;;;;;;;;;x;;;;;;;;;;;;;;;;;;;;;;;;;;;
USA_194;Misuzibi;;;;;;;;;;;;x;;;;;;;;;;;;;;;;;;;;;;;;;;;
USA_144;Dongfang;;;;;;;;;;;;x;;;;;;;;;;;;;;;;;;;;;;;;;;;
USA_141;São Salvador;;;;;;;;;;;;x;;;;;;;;;;;;;;;;;;;;;;;;;;;
USA_140;Porto Seguro;;;;;;;;;;;;x;;;;;;;;;;;;;;;;;;;;;;;;;;;
USA_121;Dakota;;;;;;;;;;;;x;;;;;;;;;;;;;;;;;;;;;;;;;;;
LST_167;Yllenywyg;;;;;;;;;;;;x;;;;;;;;;;;;;;;;;;;;;;;;;;;
USA_139;Lusitânia;;;;;;;;;;;;x;;;;;;;;;;;;;;;;;;;;;;;;;;;
PROV132;São Salvador;;;;;;;;;;;;x;;;;;;;;;;;;;;;;;;;;;;;;;;;
PROV139;Nova Lisboa;;;;;;;;;;;;x;;;;;;;;;;;;;;;;;;;;;;;;;;;
PROV140;São Luís;;;;;;;;;;;;x;;;;;;;;;;;;;;;;;;;;;;;;;;;
PROV141;Nova Évora;;;;;;;;;;;;x;;;;;;;;;;;;;;;;;;;;;;;;;;;
PROV142;Feira de Santana;;;;;;;;;;;;x;;;;;;;;;;;;;;;;;;;;;;;;;;;
PROV143;Novo Porto;;;;;;;;;;;;x;;;;;;;;;;;;;;;;;;;;;;;;;;;
PROV145;Matamoros;;;;;;;;;;;;x;;;;;;;;;;;;;;;;;;;;;;;;;;;
PROV146;São Pedro;;;;;;;;;;;;x;;;;;;;;;;;;;;;;;;;;;;;;;;;
PROV147;Madeira Verde;;;;;;;;;;;;x;;;;;;;;;;;;;;;;;;;;;;;;;;;
PROV148;São João dos Montes;;;;;;;;;;;;x;;;;;;;;;;;;;;;;;;;;;;;;;;;
PROV163;Novo Leão;;;;;;;;;;;;x;;;;;;;;;;;;;;;;;;;;;;;;;;;
PROV164;Nova Coimbra;;;;;;;;;;;;x;;;;;;;;;;;;;;;;;;;;;;;;;;;
PROV166;Nossa Senhora da Lusitânia;;;;;;;;;;;;x;;;;;;;;;;;;;;;;;;;;;;;;;;;
PROV167;Nova Corunha;;;;;;;;;;;;x;;;;;;;;;;;;;;;;;;;;;;;;;;;
PROV168;Natal;;;;;;;;;;;;x;;;;;;;;;;;;;;;;;;;;;;;;;;;
PROV189;Porto Velho;;;;;;;;;;;;x;;;;;;;;;;;;;;;;;;;;;;;;;;;
PROV193;Padre Manoel;;;;;;;;;;;;x;;;;;;;;;;;;;;;;;;;;;;;;;;;
PROV194;Porto Seguro;;;;;;;;;;;;x;;;;;;;;;;;;;;;;;;;;;;;;;;;
PROV3331;Cosevorno;;;;;;;;;;;;x;;;;;;;;;;;;;;;;;;;;;;;;;;;
PROV3332;Fortaleza;;;;;;;;;;;;x;;;;;;;;;;;;;;;;;;;;;;;;;;;
PROV3333;Morelos;;;;;;;;;;;;x;;;;;;;;;;;;;;;;;;;;;;;;;;;
PROV3334;Cosevorno;;;;;;;;;;;;x;;;;;;;;;;;;;;;;;;;;;;;;;;;
PROV3335;Campo Limpo;;;;;;;;;;;;x;;;;;;;;;;;;;;;;;;;;;;;;;;;
PROV3336;São Tomás da Lusitânia;;;;;;;;;;;;x;;;;;;;;;;;;;;;;;;;;;;;;;;;
PROV3337;Reynosa;;;;;;;;;;;;x;;;;;;;;;;;;;;;;;;;;;;;;;;;
PROV3338;Porta Superior;;;;;;;;;;;;x;;;;;;;;;;;;;;;;;;;;;;;;;;;
PROV3339;Porto Bragança;;;;;;;;;;;;x;;;;;;;;;;;;;;;;;;;;;;;;;;;
;;;;;;x;;;;;;;;;;;;;;;;;;;;;;;;;;;;;;;;;;
PROV529;Uverdorf;;;;;;;;;;;;x;;;;;;;;;;;;;;;;;;;;;;;;;;;
PROV544;Vannefeld;;;;;;;;;;;;x;;;;;;;;;;;;;;;;;;;;;;;;;;;
PROV545;Redorf;;;;;;;;;;;;x;;;;;;;;;;;;;;;;;;;;;;;;;;;
PROV547;Stirvebüren;;;;;;;;;;;;x;;;;;;;;;;;;;;;;;;;;;;;;;;;
PROV548;Sürkirche;;;;;;;;;;;;x;;;;;;;;;;;;;;;;;;;;;;;;;;;
PROV549;Löwbüren;;;;;;;;;;;;x;;;;;;;;;;;;;;;;;;;;;;;;;;;
PROV550;Greif;;;;;;;;;;;;x;;;;;;;;;;;;;;;;;;;;;;;;;;;
PROV556;Geltebüren;;;;;;;;;;;;x;;;;;;;;;;;;;;;;;;;;;;;;;;;
PROV551;Prachim;;;;;;;;;;;;x;;;;;;;;;;;;;;;;;;;;;;;;;;;
PROV555;Ahlen;;;;;;;;;;;;x;;;;;;;;;;;;;;;;;;;;;;;;;;;
PROV559;Gridenau;;;;;;;;;;;;x;;;;;;;;;;;;;;;;;;;;;;;;;;;
;;;;;;x;;;;;;;;;;;;;;;;;;;;;;;;;;;;;;;;;;
PROV965;Oleska;;;;;;;;;;;;x;;;;;;;;;;;;;;;;;;;;;;;;;;;
PROV968;Dessza;;;;;;;;;;;;x;;;;;;;;;;;;;;;;;;;;;;;;;;;
PROV969;Olgya;;;;;;;;;;;;x;;;;;;;;;;;;;;;;;;;;;;;;;;;
PROV970;Feketevaru;;;;;;;;;;;;x;;;;;;;;;;;;;;;;;;;;;;;;;;;
PROV971;Sakhagan;;;;;;;;;;;;x;;;;;;;;;;;;;;;;;;;;;;;;;;;
PROV972;Neperváru;;;;;;;;;;;;x;;;;;;;;;;;;;;;;;;;;;;;;;;;
PROV973;Melita;;;;;;;;;;;;x;;;;;;;;;;;;;;;;;;;;;;;;;;;
PROV974;Bergyán;;;;;;;;;;;;x;;;;;;;;;;;;;;;;;;;;;;;;;;;
PROV975;Doneçk;;;;;;;;;;;;x;;;;;;;;;;;;;;;;;;;;;;;;;;;
PROV976;Kalamöz;;;;;;;;;;;;x;;;;;;;;;;;;;;;;;;;;;;;;;;;
PROV979;Rüstiye;;;;;;;;;;;;x;;;;;;;;;;;;;;;;;;;;;;;;;;;
PROV1047;Azaq;;;;;;;;;;;;x;;;;;;;;;;;;;;;;;;;;;;;;;;;
PROV1048;Quban;;;;;;;;;;;;x;;;;;;;;;;;;;;;;;;;;;;;;;;;
PROV3317;Papaklya;;;;;;;;;;;;x;;;;;;;;;;;;;;;;;;;;;;;;;;;
RUS_969;Yediszan;;;;;;;;;;;;x;;;;;;;;;;;;;;;;;;;;;;;;;;;
RUS_955;Etelköz;;;;;;;;;;;;x;;;;;;;;;;;;;;;;;;;;;;;;;;;
RUS_979;Tana;;;;;;;;;;;;x;;;;;;;;;;;;;;;;;;;;;;;;;;;
RUS_973;Levédia;;;;;;;;;;;;x;;;;;;;;;;;;;;;;;;;;;;;;;;;
RUS_964;Krím;;;;;;;;;;;;x;;;;;;;;;;;;;;;;;;;;;;;;;;;
;;;;;;x;;;;;;;;;;;;;;;;;;;;;;;;;;;;;;;;;;
FRA_428;Vest Burgendia;;;;;;;;;;;;x;;;;;;;;;;;;;;;;;;;;;;;;;;;
FRA_435;Angevis;;;;;;;;;;;;x;;;;;;;;;;;;;;;;;;;;;;;;;;;
FRA_438;Aurleans;;;;;;;;;;;;x;;;;;;;;;;;;;;;;;;;;;;;;;;;
FRA_442;Pictavia;;;;;;;;;;;;x;;;;;;;;;;;;;;;;;;;;;;;;;;;
FRA_445;Rudolfsburk;;;;;;;;;;;;x;;;;;;;;;;;;;;;;;;;;;;;;;;;
FRA_425;Neustria;;;;;;;;;;;;x;;;;;;;;;;;;;;;;;;;;;;;;;;;
FRA_406;Campania;;;;;;;;;;;;x;;;;;;;;;;;;;;;;;;;;;;;;;;;
FRA_413;Vest Lotharingia;;;;;;;;;;;;x;;;;;;;;;;;;;;;;;;;;;;;;;;;
RUS_954;South Ukraine;;;;;;;;;;;;x;;;;;;;;;;;;;;;;;;;;;;;;;;;
SPA_495;Aragón;;;;;;;;;;;;x;;;;;;;;;;;;;;;;;;;;;;;;;;;
SPA_492;Vasconia;;;;;;;;;;;;x;;;;;;;;;;;;;;;;;;;;;;;;;;;
SWE_306;Lappland;;;;;;;;;;;;x;;;;;;;;;;;;;;;;;;;;;;;;;;;
RUS_1042;Bashqortostan;;;;;;;;;;;;x;;;;;;;;;;;;;;;;;;;;;;;;;;;
RUS_1020;Qazan;;;;;;;;;;;;x;;;;;;;;;;;;;;;;;;;;;;;;;;;
RUS_3536;Tyšky Qazan;;;;;;;;;;;;x;;;;;;;;;;;;;;;;;;;;;;;;;;;
RUS_3537;Nijgar;;;;;;;;;;;;x;;;;;;;;;;;;;;;;;;;;;;;;;;;
PROV1951;Ngarazama;;;;;;;;;;;;;;;;;;x;;;;;;;;;;;;;;;;;;;;;
PROV1961;al-Junaynah;;;;;;;;;;;;;;;;;;x;;;;;;;;;;;;;;;;;;;;;
PROV964;Újfalva;;;;;;;;;;;;x;;;;;;;;;;;;;;;;;;;;;;;;;;;
PROV967;Korsun;;;;;;;;;;;;x;;;;;;;;;;;;;;;;;;;;;;;;;;;
PROV966;Kérç;;;;;;;;;;;;x;;;;;;;;;;;;;;;;;;;;;;;;;;;
PROV3500;Or-Qapi;;;;;;;;;x;;;;;;;;;;;;;;;;;;;;;;;;;;;;;;
PROV3501;Kezlev;;;;;;;;;x;;;;;;;;;;;;;;;;;;;;;;;;;;;;;;
PROV3502;Yalta;;;;;;;;;x;;;;;;;;;;;;;;;;;;;;;;;;;;;;;;
PROV3503;Kafa;;;;;;;;;x;;;;;;;;;;;;;;;;;;;;;;;;;;;;;;
PROV3506;Darkaims;;;;;;;;;x;;;;;;;;;;;;;;;;;;;;;;;;;;;;;;
PROV3507;Gizycko;;;;;;;;;x;;;;;;;;;;;;;;;;;;;;;;;;;;;;;;
PROV3508;Lynediws;;;;;;;;;x;;;;;;;;;;;;;;;;;;;;;;;;;;;;;;
PROV3509;Tylza;;;;;;;;;x;;;;;;;;;;;;;;;;;;;;;;;;;;;;;;
PROV3510;Tapiawa;;;;;;;;;x;;;;;;;;;;;;;;;;;;;;;;;;;;;;;;
PROV3511;Dobrzýn;;;;;;;;;x;;;;;;;;;;;;;;;;;;;;;;;;;;;;;;
PROV3512;Zwiedal;;;;;;;;;x;;;;;;;;;;;;;;;;;;;;;;;;;;;;;;
PROV3513;Breneu;;;;;;;;;x;;;;;;;;;;;;;;;;;;;;;;;;;;;;;;
PROV3514;Munte Verde;;;;;;;;;x;;;;;;;;;;;;;;;;;;;;;;;;;;;;;;
PROV3515;Lycksele;;;;;;;;;x;;;;;;;;;;;;;;;;;;;;;;;;;;;;;;
PROV3516;Kiruna;;;;;;;;;x;;;;;;;;;;;;;;;;;;;;;;;;;;;;;;
PROV3517;Enare;;;;;;;;;x;;;;;;;;;;;;;;;;;;;;;;;;;;;;;;
PROV3518;Vêsteni;;;;;;;;;x;;;;;;;;;;;;;;;;;;;;;;;;;;;;;;
PROV3519;Sarfurt;;;;;;;;;x;;;;;;;;;;;;;;;;;;;;;;;;;;;;;;
PROV3520;Taferta;;;;;;;;;x;;;;;;;;;;;;;;;;;;;;;;;;;;;;;;
PROV3521;Roda;;;;;;;;;x;;;;;;;;;;;;;;;;;;;;;;;;;;;;;;
PROV3522;Sørøyene;;;;;;;;;x;;;;;;;;;;;;;;;;;;;;;;;;;;;;;;
PROV3523;Mantova;;;;;;;;;x;;;;;;;;;;;;;;;;;;;;;;;;;;;;;;
PROV3524;Casale Monferrato;;;;;;;;;x;;;;;;;;;;;;;;;;;;;;;;;;;;;;;;
PROV3525;Brindisi;;;;;;;;;x;;;;;;;;;;;;;;;;;;;;;;;;;;;;;;
PROV3526;Asti;;;;;;;;;x;;;;;;;;;;;;;;;;;;;;;;;;;;;;;;
PROV3527;Spittal;;;;;;;;;x;;;;;;;;;;;;;;;;;;;;;;;;;;;;;;
PROV3528;Tesino;;;;;;;;;;;;x;;;;;;;;;;;;;;;;;;;;;;;;;;;
PROV3529;Velika Gorica;;;;;;;;;;;;x;;;;;;;;;;;;;;;;;;;;;;;;;;;
PROV3530;Tarazona;;;;;;;;;;;;x;;;;;;;;;;;;;;;;;;;;;;;;;;;
PROV3531;Utebo;;;;;;;;;;;;x;;;;;;;;;;;;;;;;;;;;;;;;;;;
PROV3532;Vožnæ;;;;;;;;;;;;x;;;;;;;;;;;;;;;;;;;;;;;;;;;
PROV3533;Skopin;;;;;;;;;;;;x;;;;;;;;;;;;;;;;;;;;;;;;;;;
PROV3534;Michurinsk;;;;;;;;;;;;x;;;;;;;;;;;;;;;;;;;;;;;;;;;
PROV3535;Ljubašivka;;;;;;;;;;;;x;;;;;;;;;;;;;;;;;;;;;;;;;;;
PROV3536;Yoshkar-Ola;;;;;;;;;;;;x;;;;;;;;;;;;;;;;;;;;;;;;;;;
PROV3537;Arzamas;;;;;;;;;;;;x;;;;;;;;;;;;;;;;;;;;;;;;;;;
PROV3538;Supaskar;;;;;;;;;;;;x;;;;;;;;;;;;;;;;;;;;;;;;;;;
PROV3539;Sysran;;;;;;;;;;;;x;;;;;;;;;;;;;;;;;;;;;;;;;;;
PROV3540;Hotin;;;;;;;;;;;;x;;;;;;;;;;;;;;;;;;;;;;;;;;;
PROV3541;Karaidel;;;;;;;;;;;;x;;;;;;;;;;;;;;;;;;;;;;;;;;;
PROV3542;Tšallë;;;;;;;;;;;;x;;;;;;;;;;;;;;;;;;;;;;;;;;;
PROV3543;Kassimov;;;;;;;;;;;;x;;;;;;;;;;;;;;;;;;;;;;;;;;;
PROV3544;Shorkar;;;;;;;;;;;;x;;;;;;;;;;;;;;;;;;;;;;;;;;;
PROV3545;Kremenchuk;;;;;;;;;;;;x;;;;;;;;;;;;;;;;;;;;;;;;;;;
PROV3546;Myrhorod;;;;;;;;;;;;x;;;;;;;;;;;;;;;;;;;;;;;;;;;
PROV3547;Lubny;;;;;;;;;;;;x;;;;;;;;;;;;;;;;;;;;;;;;;;;
PROV3548;Sumy;;;;;;;;;;;;x;;;;;;;;;;;;;;;;;;;;;;;;;;;
PROV3549;Pereyaslav;;;;;;;;;;;;x;;;;;;;;;;;;;;;;;;;;;;;;;;;
PROV3550;Liptsek;;;;;;;;;;;;x;;;;;;;;;;;;;;;;;;;;;;;;;;;
PROV3551;Jura;;;;;;;;;;;;x;;;;;;;;;;;;;;;;;;;;;;;;;;;
PROV3552;Ravensburg;;;;;;;;;;;;x;;;;;;;;;;;;;;;;;;;;;;;;;;;
PROV3553;Mypelgart;;;;;;;;;;;;x;;;;;;;;;;;;;;;;;;;;;;;;;;;
PROV3554;Bar;;;;;;;;;;;;x;;;;;;;;;;;;;;;;;;;;;;;;;;;
PROV3555;Bockenheim;;;;;;;;;;;;x;;;;;;;;;;;;;;;;;;;;;;;;;;;
PROV3556;Brieg;;;;;;;;;;;;x;;;;;;;;;;;;;;;;;;;;;;;;;;;
PROV3557;Toela;;;;;;;;;;;;x;;;;;;;;;;;;;;;;;;;;;;;;;;;
PROV3558;Vouziers;;;;;;;;;;;;x;;;;;;;;;;;;;;;;;;;;;;;;;;;
PROV3559;Toropets;;;;;;;;;;;;x;;;;;;;;;;;;;;;;;;;;;;;;;;;
PROV3560;Porchow;;;;;;;;;;;;x;;;;;;;;;;;;;;;;;;;;;;;;;;;
PROV3561;Starodub;;;;;;;;;;;;x;;;;;;;;;;;;;;;;;;;;;;;;;;;
PROV3562;Bylen;;;;;;;;;;;;x;;;;;;;;;;;;;;;;;;;;;;;;;;;
PROV3563;Tweebrygge;;;;;;;;;;;;x;;;;;;;;;;;;;;;;;;;;;;;;;;;
PROV3564;Zenizza;;;;;;;;;;;;x;;;;;;;;;;;;;;;;;;;;;;;;;;;
PROV3565;Novi Grad;;;;;;;;;;;;x;;;;;;;;;;;;;;;;;;;;;;;;;;;
PROV3566;Ouadane;;;;;;;;;;;;x;;;;;;;;;;;;;;;;;;;;;;;;;;;
PROV3567;Taoudenni;;;;;;;;;;;;x;;;;;;;;;;;;;;;;;;;;;;;;;;;
PROV3568;Walata;;;;;;;;;;;;x;;;;;;;;;;;;;;;;;;;;;;;;;;;
PROV1781;Tichitt;;;;;;;;;;;;x;;;;;;;;;;;;;;;;;;;;;;;;;;;
PROV3569;Tamentit;;;;;;;;;;;;x;;;;;;;;;;;;;;;;;;;;;;;;;;;
PROV3570;Selima;;;;;;;;;;;;x;;;;;;;;;;;;;;;;;;;;;;;;;;;
PROV3571;Nukheila;;;;;;;;;;;;x;;;;;;;;;;;;;;;;;;;;;;;;;;;
PROV3572;Hodh;;;;;;;;;;;;x;;;;;;;;;;;;;;;;;;;;;;;;;;;
PROV3573;Aoudaghost;;;;;;;;;;;;x;;;;;;;;;;;;;;;;;;;;;;;;;;;
PROV3574;Ahaggar;;;;;;;;;;;;x;;;;;;;;;;;;;;;;;;;;;;;;;;;
PROV3575;Ghat;;;;;;;;;;;;x;;;;;;;;;;;;;;;;;;;;;;;;;;;
PROV3576;Farafra;;;;;;;;;;;;x;;;;;;;;;;;;;;;;;;;;;;;;;;;
PROV3577;Tichitt;;;;;;;;;;;;x;;;;;;;;;;;;;;;;;;;;;;;;;;;
PROV3578;Nagero;;;;;;;;;;;;x;;;;;;;;;;;;;;;;;;;;;;;;;;;
PROV3579;Kaduna;;;;;;;;;;;;x;;;;;;;;;;;;;;;;;;;;;;;;;;;
PROV3580;Gobir;;;;;;;;;;;;x;;;;;;;;;;;;;;;;;;;;;;;;;;;
PROV3581;Rano;;;;;;;;;;;;x;;;;;;;;;;;;;;;;;;;;;;;;;;;
PROV3582;Yauri;;;;;;;;;;;;x;;;;;;;;;;;;;;;;;;;;;;;;;;;
PROV3583;Meiganga;;;;;;;;;;;;x;;;;;;;;;;;;;;;;;;;;;;;;;;;
PROV3584;Nguti;;;;;;;;;;;;x;;;;;;;;;;;;;;;;;;;;;;;;;;;
PROV3585;Daura;;;;;;;;;;;;x;;;;;;;;;;;;;;;;;;;;;;;;;;;
PROV3586;Çerna;;;;;;;;;;;;x;;;;;;;;;;;;;;;;;;;;;;;;;;;
PROV3587;Bêrimo;;;;;;;;;;;;x;;;;;;;;;;;;;;;;;;;;;;;;;;;
PROV3588;Çérmeli;;;;;;;;;;;;x;;;;;;;;;;;;;;;;;;;;;;;;;;;
PROV3589;Bechar;;;;;;;;;;;;x;;;;;;;;;;;;;;;;;;;;;;;;;;;
PROV3590;Trapani;;;;;;;;;;;;x;;;;;;;;;;;;;;;;;;;;;;;;;;;
PROV3591;Agrigento;;;;;;;;;;;;x;;;;;;;;;;;;;;;;;;;;;;;;;;;
PROV3592;Caltanisetta;;;;;;;;;;;;x;;;;;;;;;;;;;;;;;;;;;;;;;;;
PROV3593;Catania;;;;;;;;;;;;x;;;;;;;;;;;;;;;;;;;;;;;;;;;
PROV3594;Monteleone;;;;;;;;;;;;x;;;;;;;;;;;;;;;;;;;;;;;;;;;
PROV3595;Catanzaro;;;;;;;;;;;;x;;;;;;;;;;;;;;;;;;;;;;;;;;;
PROV3596;Lamezia Terme;;;;;;;;;;;;x;;;;;;;;;;;;;;;;;;;;;;;;;;;
PROV3597;Crotone;;;;;;;;;;;;x;;;;;;;;;;;;;;;;;;;;;;;;;;;
PROV3598;Sila;;;;;;;;;;;;x;;;;;;;;;;;;;;;;;;;;;;;;;;;
PROV3599;Castrovillari;;;;;;;;;;;;x;;;;;;;;;;;;;;;;;;;;;;;;;;;
PROV3600;Cosenza;;;;;;;;;;;;x;;;;;;;;;;;;;;;;;;;;;;;;;;;
PROV3601;Matera;;;;;;;;;;;;x;;;;;;;;;;;;;;;;;;;;;;;;;;;
PROV3602;Melfi;;;;;;;;;;;;x;;;;;;;;;;;;;;;;;;;;;;;;;;;
PROV3603;Aversa;;;;;;;;;;;;x;;;;;;;;;;;;;;;;;;;;;;;;;;;
PROV3604;Amalfi;;;;;;;;;;;;x;;;;;;;;;;;;;;;;;;;;;;;;;;;
PROV3605;Oristano;;;;;;;;;;;;x;;;;;;;;;;;;;;;;;;;;;;;;;;;
PROV3606;Sassari;;;;;;;;;;;;x;;;;;;;;;;;;;;;;;;;;;;;;;;;
PROV3607;Alghero;;;;;;;;;;;;x;;;;;;;;;;;;;;;;;;;;;;;;;;;
PROV3608;Olbia;;;;;;;;;;;;x;;;;;;;;;;;;;;;;;;;;;;;;;;;
PROV3609;Tortoli;;;;;;;;;;;;x;;;;;;;;;;;;;;;;;;;;;;;;;;;
PROV3610;Porto Vecchio;;;;;;;;;;;;x;;;;;;;;;;;;;;;;;;;;;;;;;;;
PROV3611;Aiaccio;;;;;;;;;;;;x;;;;;;;;;;;;;;;;;;;;;;;;;;;
PROV3612;Bastia;;;;;;;;;;;;x;;;;;;;;;;;;;;;;;;;;;;;;;;;
PROV3613;Benevento;;;;;;;;;;;;x;;;;;;;;;;;;;;;;;;;;;;;;;;;
PROV3614;Teramo;;;;;;;;;;;;x;;;;;;;;;;;;;;;;;;;;;;;;;;;
PROV3615;Chieti;;;;;;;;;;;;x;;;;;;;;;;;;;;;;;;;;;;;;;;;
PROV3616;Isernia;;;;;;;;;;;;x;;;;;;;;;;;;;;;;;;;;;;;;;;;
PROV3617;Lagonegro;;;;;;;;;;;;x;;;;;;;;;;;;;;;;;;;;;;;;;;;
PROV3618;Irpinia;;;;;;;;;;;;x;;;;;;;;;;;;;;;;;;;;;;;;;;;
PROV3619;Terni;;;;;;;;;;;;x;;;;;;;;;;;;;;;;;;;;;;;;;;;
PROV3620;Macerata;;;;;;;;;;;;x;;;;;;;;;;;;;;;;;;;;;;;;;;;
PROV3621;Ancona;;;;;;;;;;;;x;;;;;;;;;;;;;;;;;;;;;;;;;;;
PROV3622;Pesaro;;;;;;;;;;;;x;;;;;;;;;;;;;;;;;;;;;;;;;;;
PROV3623;Pistoia;;;;;;;;;;;;x;;;;;;;;;;;;;;;;;;;;;;;;;;;
PROV3624;Pisa;;;;;;;;;;;;x;;;;;;;;;;;;;;;;;;;;;;;;;;;
PROV3625;Vaticano;;;;;;;;;;;;x;;;;;;;;;;;;;;;;;;;;;;;;;;;
PROV3626;Arezzo;;;;;;;;;;;;x;;;;;;;;;;;;;;;;;;;;;;;;;;;
PROV3627;Rusco;;;;;;;;;;;;x;;;;;;;;;;;;;;;;;;;;;;;;;;;
PROV3628;Ginevra;;;;;;;;;;;;x;;;;;;;;;;;;;;;;;;;;;;;;;;;
PROV3629;Roccasterone;;;;;;;;;;;;x;;;;;;;;;;;;;;;;;;;;;;;;;;;
PROV3630;Sanremo;;;;;;;;;;;;x;;;;;;;;;;;;;;;;;;;;;;;;;;;
PROV3631;Monaco;;;;;;;;;;;;x;;;;;;;;;;;;;;;;;;;;;;;;;;;
PROV3632;Como;;;;;;;;;;;;x;;;;;;;;;;;;;;;;;;;;;;;;;;;
PROV3633;Lodi;;;;;;;;;;;;x;;;;;;;;;;;;;;;;;;;;;;;;;;;
PROV3634;Pavia;;;;;;;;;;;;x;;;;;;;;;;;;;;;;;;;;;;;;;;;
PROV3635;Monza;;;;;;;;;;;;x;;;;;;;;;;;;;;;;;;;;;;;;;;;
PROV3636;Aquileia;;;;;;;;;;;;x;;;;;;;;;;;;;;;;;;;;;;;;;;;
PROV3637;Capodistria;;;;;;;;;;;;x;;;;;;;;;;;;;;;;;;;;;;;;;;;
PROV3638;San Pietro Degli Slavi;;;;;;;;;;;;x;;;;;;;;;;;;;;;;;;;;;;;;;;;
PROV3639;Pisino;;;;;;;;;;;;x;;;;;;;;;;;;;;;;;;;;;;;;;;;
PROV3640;Saló;;;;;;;;;;;;x;;;;;;;;;;;;;;;;;;;;;;;;;;;
PROV3641;La Spezzia;;;;;;;;;;;;x;;;;;;;;;;;;;;;;;;;;;;;;;;;
PROV3642;Imperia;;;;;;;;;;;;x;;;;;;;;;;;;;;;;;;;;;;;;;;;
PROV3643;Cremona;;;;;;;;;;;;x;;;;;;;;;;;;;;;;;;;;;;;;;;;
PROV3644;Cocevie;;;;;;;;;;;;x;;;;;;;;;;;;;;;;;;;;;;;;;;;
PROV3645;Nuova Citta;;;;;;;;;;;;x;;;;;;;;;;;;;;;;;;;;;;;;;;;
PROV3646;Bleda;;;;;;;;;;;;x;;;;;;;;;;;;;;;;;;;;;;;;;;;
PROV3647;Riu di l'Amazzòni;;;;;;;;;;;;x;;;;;;;;;;;;;;;;;;;;;;;;;;;
PROV3648;Eghil;;;;;;;;;;;;x;;;;;;;;;;;;;;;;;;;;;;;;;;;
PROV3649;Aksaray;;;;;;;;;;;;x;;;;;;;;;;;;;;;;;;;;;;;;;;;
PROV3650;Haymana;;;;;;;;;;;;x;;;;;;;;;;;;;;;;;;;;;;;;;;;
PROV3651;Beyshehir;;;;;;;;;;;;x;;;;;;;;;;;;;;;;;;;;;;;;;;;
PROV3652;Kirsehir;;;;;;;;;;;;x;;;;;;;;;;;;;;;;;;;;;;;;;;;
PROV3653;Karaman;;;;;;;;;;;;x;;;;;;;;;;;;;;;;;;;;;;;;;;;
PROV3654;Tokat;;;;;;;;;;;;x;;;;;;;;;;;;;;;;;;;;;;;;;;;
PROV3655;Athos;;;;;;;;;;;;x;;;;;;;;;;;;;;;;;;;;;;;;;;;
PROV3656;Dürres;;;;;;;;;;;;x;;;;;;;;;;;;;;;;;;;;;;;;;;;
PROV3657;Scutari;;;;;;;;;;;;x;;;;;;;;;;;;;;;;;;;;;;;;;;;
PROV3658;Nueva Esparta;;;;;;;;;;;;x;;;;;;;;;;;;;;;;;;;;;;;;;;;
PROV3659;Subotica;;;;;;;;;;;;x;;;;;;;;;;;;;;;;;;;;;;;;;;;
PROV3660;Arad;;;;;;;;;;;;x;;;;;;;;;;;;;;;;;;;;;;;;;;;
PROV3661;Zvunets;;;;;;;;;;;;x;;;;;;;;;;;;;;;;;;;;;;;;;;;
PROV3662;Ramna;;;;;;;;;;;;x;;;;;;;;;;;;;;;;;;;;;;;;;;;
PROV3663;Hust;;;;;;;;;;;;x;;;;;;;;;;;;;;;;;;;;;;;;;;;
PROV3664;Marmaroš;;;;;;;;;;;;x;;;;;;;;;;;;;;;;;;;;;;;;;;;
PROV3665;Kikinda;;;;;;;;;;;;x;;;;;;;;;;;;;;;;;;;;;;;;;;;
PROV3666;Peja;;;;;;;;;;;;x;;;;;;;;;;;;;;;;;;;;;;;;;;;
PROV3667;Schaffhausen;;;;;;;;;;;;;x;;;;;;;;;;;;;;;;;;;;;;;;;;
PROV3668;Kapnigrad;;;;;;;;;;;;;x;;;;;;;;;;;;;;;;;;;;;;;;;;
PROV3669;Avlona;;;;;;;;;;;;;x;;;;;;;;;;;;;;;;;;;;;;;;;;
PROV3670;Steyr;;;;;;;;;;;;;x;;;;;;;;;;;;;;;;;;;;;;;;;;
PROV3671;Horn;;;;;;;;;;;;;x;;;;;;;;;;;;;;;;;;;;;;;;;;
PROV3672;Bodn;;;;;;;;;;;;;x;;;;;;;;;;;;;;;;;;;;;;;;;;
PROV3673;Amberg;;;;;;;;;;;;;x;;;;;;;;;;;;;;;;;;;;;;;;;;
PROV3674;Berchtesgaden;;;;;;;;;;;;;x;;;;;;;;;;;;;;;;;;;;;;;;;;
PROV3675;Kempten;;;;;;;;;;;;;x;;;;;;;;;;;;;;;;;;;;;;;;;;
PROV3676;Neuburg;;;;;;;;;;;;;x;;;;;;;;;;;;;;;;;;;;;;;;;;
PROV3677;Ansbach;;;;;;;;;;;;;x;;;;;;;;;;;;;;;;;;;;;;;;;;
PROV3678;Sulzbach;;;;;;;;;;;;;x;;;;;;;;;;;;;;;;;;;;;;;;;;
PROV3679;Schweinfurt;;;;;;;;;;;;;x;;;;;;;;;;;;;;;;;;;;;;;;;;
PROV3680;Mandsaur;;;;;;;;;;;;;x;;;;;;;;;;;;;;;;;;;;;;;;;;
PROV3681;Passau;;;;;;;;;;;;;x;;;;;;;;;;;;;;;;;;;;;;;;;;
PROV3682;Freising;;;;;;;;;;;;;x;;;;;;;;;;;;;;;;;;;;;;;;;;
PROV3683;Memmingen;;;;;;;;;;;;;x;;;;;;;;;;;;;;;;;;;;;;;;;;
PROV3684;Rothenberg;;;;;;;;;;;;;x;;;;;;;;;;;;;;;;;;;;;;;;;;
PROV3685;Bamberg;;;;;;;;;;;;;x;;;;;;;;;;;;;;;;;;;;;;;;;;
PROV3686;Mustang;;;;;;;;;;;;;x;;;;;;;;;;;;;;;;;;;;;;;;;;
PROV3687;Meghalaya;;;;;;;;;;;;;x;;;;;;;;;;;;;;;;;;;;;;;;;;
PROV3688;Kanam;;;;;;;;;;;;;x;;;;;;;;;;;;;;;;;;;;;;;;;;
PROV3689;Niya;;;;;;;;;;;;;x;;;;;;;;;;;;;;;;;;;;;;;;;;
PROV3690;Hor;;;;;;;;;;;;;x;;;;;;;;;;;;;;;;;;;;;;;;;;
PROV3691;Gümülcine;;;;;;;;;;;;;;;;;;;;;;;;;;;;;;;;;;;;;;;
PROV3692;Uman;;;;;;;;;;;;;;;;;;;;;;;;;;;;;;;;;;;;;;;
PROV3693;Nangchen;;;;;;;;;;;;;;;;;;;;;;;;;;;;;;;;;;;;;;;
PROV3694;Zhob;;;;;;;;;;;;;;;;;;;;;;;;;;;;;;;;;;;;;;;
PROV3695;Lingtsang;;;;;;;;;;;;;;;;;;;;;;;;;;;;;;;;;;;;;;;
PROV3696;Drango;;;;;;;;;;;;;;;;;;;;;;;;;;;;;;;;;;;;;;;
PROV3697;Ngolok;;;;;;;;;;;;;;;;;;;;;;;;;;;;;;;;;;;;;;;
PROV3698;Chuosijia;;;;;;;;;;;;;;;;;;;;;;;;;;;;;;;;;;;;;;;
PROV3699;Meu;;;;;;;;;;;;;;;;;;;;;;;;;;;;;;;;;;;;;;;
PROV3700;Suomo;;;;;;;;;;;;;;;;;;;;;;;;;;;;;;;;;;;;;;;
PROV3701;Rongwo;;;;;;;;;;;;;;;;;;;;;;;;;;;;;;;;;;;;;;;
PROV3702;Ngulra;;;;;;;;;;;;;;;;;;;;;;;;;;;;;;;;;;;;;;;
PROV3703;Labrang;;;;;;;;;;;;;;;;;;;;;;;;;;;;;;;;;;;;;;;
PROV3704;Choni;;;;;;;;;;;;;;;;;;;;;;;;;;;;;;;;;;;;;;;
PROV3705;Dasima;;;;;;;;;;;;;;;;;;;;;;;;;;;;;;;;;;;;;;;
PROV3706;Salar;;;;;;;;;;;;;;;;;;;;;;;;;;;;;;;;;;;;;;;
PROV3707;Muli;;;;;;;;;;;;;;;;;;;;;;;;;;;;;;;;;;;;;;;
PROV3708;Derge;;;;;;;;;;;;;;;;;;;;;;;;;;;;;;;;;;;;;;;
PROV3709;Yongning;;;;;;;;;;;;;;;;;;;;;;;;;;;;;;;;;;;;;;;
PROV3710;Bathang;;;;;;;;;;;;;;;;;;;;;;;;;;;;;;;;;;;;;;;
PROV3711;Lithang;;;;;;;;;;;;;;;;;;;;;;;;;;;;;;;;;;;;;;;
PROV3712;Chakla;;;;;;;;;;;;;;;;;;;;;;;;;;;;;;;;;;;;;;;
PROV3713;Muzaffargarh;;;;;;;;;;;;;;;;;;;;;;;;;;;;;;;;;;;;;;;
PROV3714;Gujranwala;;;;;;;;;;;;;;;;;;;;;;;;;;;;;;;;;;;;;;;
PROV3715;Chamba;;;;;;;;;;;;;;;;;;;;;;;;;;;;;;;;;;;;;;;
PROV3716;Nawanshahr;;;;;;;;;;;;;;;;;;;;;;;;;;;;;;;;;;;;;;;
PROV3717;Patiala;;;;;;;;;;;;;;;;;;;;;;;;;;;;;;;;;;;;;;;
PROV3718;Loralai;;;;;;;;;;;;;"	";;;;;;;;;;;;;;;;;;;;;;;;;;
PROV3719;Pilsen;;;;;;;;;;;;;;;;;;;;;;;;;;;;;;;;;;;;;;;
PROV3720;Sipsongpanna;;;;;;;;;;;;;;;;;;;;;;;;;;;;;;;;;;;;;;;
PROV3721;Kungkeng;;;;;;;;;;;;;;;;;;;;;;;;;;;;;;;;;;;;;;;
PROV3722;Pangyang;;;;;;;;;;;;;;;;;;;;;;;;;;;;;;;;;;;;;;;
PROV3723;Hsipaw;;;;;;;;;;;;;;;;;;;;;;;;;;;;;;;;;;;;;;;
PROV3724;Kengtung;;;;;;;;;;;;;;;;;;;;;;;;;;;;;;;;;;;;;;;
PROV3725;Lawksawk;;;;;;;;;;;;;;;;;;;;;;;;;;;;;;;;;;;;;;;
PROV3726;Burahan;;;;;;;;;;;;;;;;;;;;;;;;;;;;;;;;;;;;;;;
PROV3727;Jalandhar;;;;;;;;;;;;;;;;;;;;;;;;;;;;;;;;;;;;;;;
PROV3728;Hanumangarh;;;;;;;;;;;;;;;;;;;;;;;;;;;;;;;;;;;;;;;
PROV3729;Barmer;;;;;;;;;;;;;;;;;;;;;;;;;;;;;;;;;;;;;;;
PROV3730;Nagaur;;;;;;;;;;;;;;;;;;;;;;;;;;;;;;;;;;;;;;;
PROV3731;Pali;;;;;;;;;;;;;;;;;;;;;;;;;;;;;;;;;;;;;;;
PROV3732;Mongmit;;;;;;;;;;;;;;;;;;;;;;;;;;;;;;;;;;;;;;;
PROV3733;Mongpan;;;;;;;;;;;;;;;;;;;;;;;;;;;;;;;;;;;;;;;
PROV3734;Staraya Russa;;;;;;;;;;;;;;;;;;;;;;;;;;;;;;;;;;;;;;;
PROV3735;Kholm;;;;;;;;;;;;;;;;;;;;;;;;;;;;;;;;;;;;;;;
PROV3736;Jamborg;;;;;;;;;;;;;;;;;;;;;;;;;;;;;;;;;;;;;;;
PROV3737;Chittor;;;;;;;;;;;;;;;;;;;;;;;;;;;;;;;;;;;;;;;
PROV3738;Ibrahimabad;;;;;;;;;;;;;;;;;;;;;;;;;;;;;;;;;;;;;;;
PROV3739;Alwar;;;;;;;;;;;;;;;;;;;;;;;;;;;;;;;;;;;;;;;
PROV3740;Kunlun;;;;;;;;;;;;;;;;;;;;;;;;;;;;;;;;;;;;;;;
PROV3741;Aksai Chin;;;;;;;;;;;;;;;;;;;;;;;;;;;;;;;;;;;;;;;
PROV3742;Hisar;;;;;;;;;;;;;;;;;;;;;;;;;;;;;;;;;;;;;;;
PROV3743;Duars;;;;;;;;;;;;;;;;;;;;;;;;;;;;;;;;;;;;;;;
PROV3744;Koch Bihar;;;;;;;;;;;;;;;;;;;;;;;;;;;;;;;;;;;;;;;
PROV3745;Trashigang;;;;;;;;;;;;;;;;;;;;;;;;;;;;;;;;;;;;;;;
PROV3746;Hakha;;;;;;;;;;;;;;;;;;;;;;;;;;;;;;;;;;;;;;;
PROV3747;Mongkwang;;;;;;;;;;;;;;;;;;;;;;;;;;;;;;;;;;;;;;;
PROV3748;Kale;;;;;;;;;;;;;;;;;;;;;;;;;;;;;;;;;;;;;;;
PROV3749;Kabaw;;;;;;;;;;;;;;;;;;;;;;;;;;;;;;;;;;;;;;;
PROV3750;Pilibhit;;;;;;;;;;;;;;;;;;;;;;;;;;;;;;;;;;;;;;;
PROV3751;Bahraich;;;;;;;;;;;;;;;;;;;;;;;;;;;;;;;;;;;;;;;
PROV3752;Zhongba;;;;;;;;;;;;;;;;;;;;;;;;;;;;;;;;;;;;;;;
PROV3753;Rudok;;;;;;;;;;;;;;;;;;;;;;;;;;;;;;;;;;;;;;;
PROV3754;Mashmi;;;;;;;;;;;;;;;;;;;;;;;;;;;;;;;;;;;;;;;
PROV3755;Shahzadpur;;;;;;;;;;;;;;;;;;;;;;;;;;;;;;;;;;;;;;;
PROV3756;Salimah;;;;;;;;;;;;;;;;;;;;;;;;;;;;;;;;;;;;;;;
PROV3757;Kufra Desert;;;;;;;;;;;;;;;;;;;;;;;;;;;;;;;;;;;;;;;
PROV3758;Kolachi;;;;;;;;;;;;;;;;;;;;;;;;;;;;;;;;;;;;;;;
PROV3759;Chilas;;;;;;;;;;;;;;;;;;;;;;;;;;;;;;;;;;;;;;;
PROV3760;Pokhara;;;;;;;;;;;;;;;;;;;;;;;;;;;;;;;;;;;;;;;
PROV3761;Dolakha;;;;;;;;;;;;;;;;;;;;;;;;;;;;;;;;;;;;;;;
PROV3762;Janakpur;;;;;;;;;;;;;;;;;;;;;;;;;;;;;;;;;;;;;;;
PROV3763;Biratnagar;;;;;;;;;;;;;;;;;;;;;;;;;;;;;;;;;;;;;;;
PROV3764;Ghorahi;;;;;;;;;;;;;;;;;;;;;;;;;;;;;;;;;;;;;;;
PROV3765;Doti;;;;;;;;;;;;;;;;;;;;;;;;;;;;;;;;;;;;;;;
PROV3766;Kumaroan;;;;;;;;;;;;;;;;;;;;;;;;;;;;;;;;;;;;;;;
PROV3767;Spiti;;;;;;;;;;;;;;;;;;;;;;;;;;;;;;;;;;;;;;;
PROV3768;Mandi;;;;;;;;;;;;;;;;;;;;;;;;;;;;;;;;;;;;;;;
PROV3769;Ashoknagar;;;;;;;;;;;;;;;;;;;;;;;;;;;;;;;;;;;;;;;
PROV3770;Rangpur;;;;;;;;;;;;;;;;;;;;;;;;;;;;;;;;;;;;;;;
PROV3771;Bellary;;;;;;;;;;;;;;;;;;;;;;;;;;;;;;;;;;;;;;;
PROV3772;Chengalpattu;;;;;;;;;;;;;;;;;;;;;;;;;;;;;;;;;;;;;;;
PROV3773;Kollam;;;;;;;;;;;;;;;;;;;;;;;;;;;;;;;;;;;;;;;
PROV3774;Tuttukkudi;;;;;;;;;;;;;;;;;;;;;;;;;;;;;;;;;;;;;;;
PROV3775;Nagapattinam;;;;;;;;;;;;;;;;;;;;;;;;;;;;;;;;;;;;;;;
PROV3776;Salem;;;;;;;;;;;;;;;;;;;;;;;;;;;;;;;;;;;;;;;
PROV3777;Mysore;;;;;;;;;;;;;;;;;;;;;;;;;;;;;;;;;;;;;;;
PROV3778;Bidanur;;;;;;;;;;;;;;;;;;;;;;;;;;;;;;;;;;;;;;;
PROV3779;Chittakula;;;;;;;;;;;;;;;;;;;;;;;;;;;;;;;;;;;;;;;
PROV3780;Mangaluru;;;;;;;;;;;;;;;;;;;;;;;;;;;;;;;;;;;;;;;
PROV3781;Kuchi;;;;;;;;;;;;;;;;;;;;;;;;;;;;;;;;;;;;;;;
PROV3782;Palakkad;;;;;;;;;;;;;;;;;;;;;;;;;;;;;;;;;;;;;;;
PROV3783;Bhalwa;;;;;;;;;;;;;;;;;;;;;;;;;;;;;;;;;;;;;;;
PROV3784;Darbhanga;;;;;;;;;;;;;;;;;;;;;;;;;;;;;;;;;;;;;;;
PROV3785;Shahabad;;;;;;;;;;;;;;;;;;;;;;;;;;;;;;;;;;;;;;;
PROV3786;Palamu;;;;;;;;;;;;;;;;;;;;;;;;;;;;;;;;;;;;;;;
PROV3787;Kandynagar;;;;;;;;;;;;;;;;;;;;;;;;;;;;;;;;;;;;;;;
PROV3788;Hazaribagh;;;;;;;;;;;;;;;;;;;;;;;;;;;;;;;;;;;;;;;
PROV3789;Puri;;;;;;;;;;;;;;;;;;;;;;;;;;;;;;;;;;;;;;;
PROV3790;Baudh;;;;;;;;;;;;;;;;;;;;;;;;;;;;;;;;;;;;;;;
PROV3791;Daminkoh;;;;;;;;;;;;;;;;;;;;;;;;;;;;;;;;;;;;;;;
PROV3792;Shujabad;;;;;;;;;;;;;;;;;;;;;;;;;;;;;;;;;;;;;;;
PROV3793;Saptagram;;;;;;;;;;;;;;;;;;;;;;;;;;;;;;;;;;;;;;;
PROV3794;Khulna;;;;;;;;;;;;;;;;;;;;;;;;;;;;;;;;;;;;;;;
PROV3795;Midnapur;;;;;;;;;;;;;;;;;;;;;;;;;;;;;;;;;;;;;;;
PROV3796;Faridpur;;;;;;;;;;;;;;;;;;;;;;;;;;;;;;;;;;;;;;;
PROV3797;Zafarabad;;;;;;;;;;;;;;;;;;;;;;;;;;;;;;;;;;;;;;;
PROV3798;Nasirabad;;;;;;;;;;;;;;;;;;;;;;;;;;;;;;;;;;;;;;;
PROV3799;Roshnabad;;;;;;;;;;;;;;;;;;;;;;;;;;;;;;;;;;;;;;;
PROV3800;Manabhum;;;;;;;;;;;;;;;;;;;;;;;;;;;;;;;;;;;;;;;
PROV3801;Baripada;;;;;;;;;;;;;;;;;;;;;;;;;;;;;;;;;;;;;;;
PROV3802;Kendujhar;;;;;;;;;;;;;;;;;;;;;;;;;;;;;;;;;;;;;;;
PROV3803;Debargarh;;;;;;;;;;;;;;;;;;;;;;;;;;;;;;;;;;;;;;;
PROV3804;Bankura;;;;;;;;;;;;;;;;;;;;;;;;;;;;;;;;;;;;;;;
PROV3805;Tel Kepe;;;;;;;;;;;;;;;;;;;;;;;;;;;;;;;;;;;;;;;
PROV3806;Qaraqosh;;;;;;;;;;;;;;;;;;;;;;;;;;;;;;;;;;;;;;;
PROV3807;Tel Afer;;;;;;;;;;;;;;;;;;;;;;;;;;;;;;;;;;;;;;;
PROV3808;Hatra;;;;;;;;;;;;;;;;;;;;;;;;;;;;;;;;;;;;;;;
PROV3809;Ashur;;;;;;;;;;;;;;;;;;;;;;;;;;;;;;;;;;;;;;;
PROV3810;Lahij;;;;;;;;;;;;;;;;;;;;;;;;;;;;;;;;;;;;;;;
PROV3811;Mehsana;;;;;;;;;;;;;;;;;;;;;;;;;;;;;;;;;;;;;;;
PROV3812;Navsari;;;;;;;;;;;;;;;;;;;;;;;;;;;;;;;;;;;;;;;
PROV3813;Anand;;;;;;;;;;;;;;;;;;;;;;;;;;;;;;;;;;;;;;;
PROV3814;Morbi;;;;;;;;;;;;;;;;;;;;;;;;;;;;;;;;;;;;;;;
PROV3815;Bhavnagar;;;;;;;;;;;;;;;;;;;;;;;;;;;;;;;;;;;;;;;
PROV3816;Junagandh;;;;;;;;;;;;;;;;;;;;;;;;;;;;;;;;;;;;;;;
PROV3817;Diu;;;;;;;;;;;;;;;;;;;;;;;;;;;;;;;;;;;;;;;
PROV3818;Thana;;;;;;;;;;;;;;;;;;;;;;;;;;;;;;;;;;;;;;;
PROV3819;Ratnagiri;;;;;;;;;;;;;;;;;;;;;;;;;;;;;;;;;;;;;;;
PROV3820;Burhanpur;;;;;;;;;;;;;;;;;;;;;;;;;;;;;;;;;;;;;;;
PROV3821;Mumbai;;;;;;;;;;;;;;;;;;;;;;;;;;;;;;;;;;;;;;;
PROV3822;Daman;;;;;;;;;;;;;;;;;;;;;;;;;;;;;;;;;;;;;;;
PROV3823;Anantapur;;;;;;;;;;;;;;;;;;;;;;;;;;;;;;;;;;;;;;;
PROV3824;Yadgir;;;;;;;;;;;;;;;;;;;;;;;;;;;;;;;;;;;;;;;
PROV3825;Solapur;;;;;;;;;;;;;;;;;;;;;;;;;;;;;;;;;;;;;;;
PROV3826;Bidar;;;;;;;;;;;;;;;;;;;;;;;;;;;;;;;;;;;;;;;
PROV3827;Daulatabad;;;;;;;;;;;;;;;;;;;;;;;;;;;;;;;;;;;;;;;
PROV3828;Jaypor;;;;;;;;;;;;;;;;;;;;;;;;;;;;;;;;;;;;;;;
PROV3829;Kanker;;;;;;;;;;;;;;;;;;;;;;;;;;;;;;;;;;;;;;;
PROV3830;Bhawanipatna;;;;;;;;;;;;;;;;;;;;;;;;;;;;;;;;;;;;;;;
PROV3831;Balangir;;;;;;;;;;;;;;;;;;;;;;;;;;;;;;;;;;;;;;;
PROV3832;Chandrapur;;;;;;;;;;;;;;;;;;;;;;;;;;;;;;;;;;;;;;;
PROV3833;Adilabad;;;;;;;;;;;;;;;;;;;;;;;;;;;;;;;;;;;;;;;
PROV3834;Washim;;;;;;;;;;;;;;;;;;;;;;;;;;;;;;;;;;;;;;;
PROV3835;Chakma;;;;;;;;;;;;;;;;;;;;;;;;;;;;;;;;;;;;;;;
PROV3836;Tripura;;;;;;;;;;;;;;;;;;;;;;;;;;;;;;;;;;;;;;;
PROV3837;Sylhet;;;;;;;;;;;;;;;;;;;;;;;;;;;;;;;;;;;;;;;
PROV3838;Ahmadabad;;;;;;;;;;;;;;;;;;;;;;;;;;;;;;;;;;;;;;;
PROV3839;Tura;;;;;;;;;;;;;;;;;;;;;;;;;;;;;;;;;;;;;;;
PROV3840;Shillong;;;;;;;;;;;;;;;;;;;;;;;;;;;;;;;;;;;;;;;
PROV3841;Bandar-e Masula;;;;;;;;;;;;;;;;;;;;;;;;;;;;;;;;;;;;;;;
PROV3842;Sitawaka;;;;;;;;;;;;;;;;;;;;;;;;;;;;;;;;;;;;;;;
PROV3843;Vanni;;;;;;;;;;;;;;;;;;;;;;;;;;;;;;;;;;;;;;;
PROV3844;Madakalapuwa;;;;;;;;;;;;;;;;;;;;;;;;;;;;;;;;;;;;;;;
PROV3845;Mannar;;;;;;;;;;;;;;;;;;;;;;;;;;;;;;;;;;;;;;;
PROV3846;Donapaleu;;;;;;;;;;;;;;;;;;;;;;;;;;;;;;;;;;;;;;;
PROV3847;Baiona;;;;;;;;;;;;;;;;;;;;;;;;;;;;;;;;;;;;;;;
PROV3848;Araba;;;;;;;;;;;;;;;;;;;;;;;;;;;;;;;;;;;;;;;
PROV3849;Albret;;;;;;;;;;;;;;;;;;;;;;;;;;;;;;;;;;;;;;;
PROV3850;Arcaishon;;;;;;;;;;;;;;;;;;;;;;;;;;;;;;;;;;;;;;;
PROV3851;Mimazan;;;;;;;;;;;;;;;;;;;;;;;;;;;;;;;;;;;;;;;
PROV3852;Marsan;;;;;;;;;;;;;;;;;;;;;;;;;;;;;;;;;;;;;;;
PROV3853;Lizarra;;;;;;;;;;;;;;;;;;;;;;;;;;;;;;;;;;;;;;;
PROV3854;Konitz;;;;;;;;;;;;;;;;;;;;;;;;;;;;;;;;;;;;;;;
PROV3855;Schlochau;;;;;;;;;;;;;;;;;;;;;;;;;;;;;;;;;;;;;;;
PROV3856;Dramburg;;;;;;;;;;;;;;;;;;;;;;;;;;;;;;;;;;;;;;;
PROV3857;Ayr;;;;;;;;;;;;;;;;;;;;;;;;;;;;;;;;;;;;;;;
PROV3858;Dunholm;;;;;;;;;;;;;;;;;;;;;;;;;;;;;;;;;;;;;;;
PROV3859;Highlands;;;;;;;;;;;;;;;;;;;;;;;;;;;;;;;;;;;;;;;
RUS_937;Polesie;;;;;;;;;;;;x;;;;;;;;;;;;;;;;;;;;;;;;;;;
PROV923;Ninwe;;;;;;;;;;;;x;;;;;;;;;;;;;;;;;;;;;;;;;;;
ASY_923;Assyria;;;;;;;;;;;;x;;;;;;;;;;;;;;;;;;;;;;;;;;;
PROV473;Massiccio Corso;;;;;;;;;;;;x;;;;;;;;;;;;;;;;;;;;;;;;;;;
PROV766;Nuoro;;;;;;;;;;;;x;;;;;;;;;;;;;;;;;;;;;;;;;;;
PROV1252;Dar'dzilin;;;;;;;;;;;;x;;;;;;;;;;;;;;;;;;;;;;;;;;;
PROV1225;Kargil;;;;;;;;;;;;x;;;;;;;;;;;;;;;;;;;;;;;;;;;
PROV1312;Ragenardshavn;;;;;;;;;;;;x;;;;;;;;;;;;;;;;;;;;;;;;;;;
AUS_768;Carniola;;;;;;;;;;;;x;;;;;;;;;;;;;;;;;;;;;;;;;;;
AUS_736;Litorale Adriatico;;;;;;;;;;;;x;;;;;;;;;;;;;;;;;;;;;;;;;;;
AUS_770;Istria;;;;;;;;;;;;x;;;;;;;;;;;;;;;;;;;;;;;;;;;
AUS_613;Steiermark;;;;;;;;;;;;x;;;;;;;;;;;;;;;;;;;;;;;;;;;
AUS_615;Carizia;;;;;;;;;;;;x;;;;;;;;;;;;;;;;;;;;;;;;;;;
SAR_765;Sardegna;;;;;;;;;;;;x;;;;;;;;;;;;;;;;;;;;;;;;;;;
SAR_473;Corsica;;;;;;;;;;;;x;;;;;;;;;;;;;;;;;;;;;;;;;;;
SIC_753;Abruzzo;;;;;;;;;;;;x;;;;;;;;;;;;;;;;;;;;;;;;;;;
SIC_756;Puglia;;;;;;;;;;;;x;;;;;;;;;;;;;;;;;;;;;;;;;;;
SIC_759;Calabria;;;;;;;;;;;;x;;;;;;;;;;;;;;;;;;;;;;;;;;;
SIC_761;Basilicata;;;;;;;;;;;;x;;;;;;;;;;;;;;;;;;;;;;;;;;;
SIC_3261;Molise;;;;;;;;;;;;x;;;;;;;;;;;;;;;;;;;;;;;;;;;
AUS_774;Alta Illiria;;;;;;;;;;;;x;;;;;;;;;;;;;;;;;;;;;;;;;;;
AUS_788;Bassa Illiria;;;;;;;;;;;;x;;;;;;;;;;;;;;;;;;;;;;;;;;;
SAR_472;Nizza;;;;;;;;;;;;x;;;;;;;;;;;;;;;;;;;;;;;;;;;
PAP_751;Umbria;;;;;;;;;;;;x;;;;;;;;;;;;;;;;;;;;;;;;;;;
PAP_3620;Marche;;;;;;;;;;;;x;;;;;;;;;;;;;;;;;;;;;;;;;;;
SAR_725;Liguria;;;;;;;;;;;;x;;;;;;;;;;;;;;;;;;;;;;;;;;;
AUS_726;Higher Cisalpina;;;;;;;;;;;;x;;;;;;;;;;;;;;;;;;;;;;;;;;;
AUS_727;Lower Cisalpina;;;;;;;;;;;;x;;;;;;;;;;;;;;;;;;;;;;;;;;;
FRA_453;Cisjurana;;;;;;;;;;;;x;;;;;;;;;;;;;;;;;;;;;;;;;;;
FRA_469;Alpi Dell'Alta Provenza;;;;;;;;;;;;x;;;;;;;;;;;;;;;;;;;;;;;;;;;
FRA_470;Costa Azzurra;;;;;;;;;;;;x;;;;;;;;;;;;;;;;;;;;;;;;;;;
TUR_803;Nissu;;;;;;;;;;;;x;;;;;;;;;;;;;;;;;;;;;;;;;;;
TUR_816;Mešja;;;;;;;;;;;;x;;;;;;;;;;;;;;;;;;;;;;;;;;;
AUS_950;Subcarpathia;;;;;;;;;;;;x;;;;;;;;;;;;;;;;;;;;;;;;;;;
TUR_810;Valahia;;;;;;;;;;;;x;;;;;;;;;;;;;;;;;;;;;;;;;;;
FRA_420;Breschen;;;;;;;;;;;;x;;;;;;;;;;;;;;;;;;;;;;;;;;;
POR_525;Lusitanna;;;;;;;;;;;;x;;;;;;;;;;;;;;;;;;;;;;;;;;;
AFG_1212;Harev;;;;;;;;;;;;x;;;;;;;;;;;;;;;;;;;;;;;;;;;
AFG_1214;Sakastan;;;;;;;;;;;;x;;;;;;;;;;;;;;;;;;;;;;;;;;;
AFG_1209;East Kushanshahr;;;;;;;;;;;;x;;;;;;;;;;;;;;;;;;;;;;;;;;;
TUR_931;Asorestan;;;;;;;;;;;;x;;;;;;;;;;;;;;;;;;;;;;;;;;;
PER_1220;West Kushanshahr;;;;;;;;;;;;x;;;;;;;;;;;;;;;;;;;;;;;;;;;
PER_1122;Mãda;;;;;;;;;;;;x;;;;;;;;;;;;;;;;;;;;;;;;;;;
PER_1112;Adurbadagan;;;;;;;;;;;;x;;;;;;;;;;;;;;;;;;;;;;;;;;;
PER_1113;Gilan;;;;;;;;;;;;x;;;;;;;;;;;;;;;;;;;;;;;;;;;
PER_1116;Padishkhwargar;;;;;;;;;;;;x;;;;;;;;;;;;;;;;;;;;;;;;;;;
PER_1121;Rag;;;;;;;;;;;;x;;;;;;;;;;;;;;;;;;;;;;;;;;;
PER_1135;Hormuzgan;;;;;;;;;;;;x;;;;;;;;;;;;;;;;;;;;;;;;;;;
PER_1136;Pars;;;;;;;;;;;;x;;;;;;;;;;;;;;;;;;;;;;;;;;;
PER_1126;Semnan;;;;;;;;;;;;x;;;;;;;;;;;;;;;;;;;;;;;;;;;
PER_1147;Kohestan;;;;;;;;;;;;x;;;;;;;;;;;;;;;;;;;;;;;;;;;
PER_1148;Abarshahr;;;;;;;;;;;;x;;;;;;;;;;;;;;;;;;;;;;;;;;;
KAL_1221;Mokran;;;;;;;;;;;;x;;;;;;;;;;;;;;;;;;;;;;;;;;;
PER_1221;Khuzdar;;;;;;;;;;;;x;;;;;;;;;;;;;;;;;;;;;;;;;;;
KAL_1219;Turan;;;;;;;;;;;;x;;;;;;;;;;;;;;;;;;;;;;;;;;;
PROV1724;Nordøyene;;;;;;;;;x;;;;;;;;;;;;;;;;;;;;;;;;;;;;;;
PROV1825;Western Libyian Desert;;;;;;;;;;;;;;;;;;x;;;;;;;;;;;;;;;;;;;;;
PROV1758;Eastern Libyian Desert;;;;;;;;;;;;;;;;;;x;;;;;;;;;;;;;;;;;;;;;
PROV1316;Puttur;;;;;;;;;;;;;;;;;;x;;;;;;;;;;;;;;;;;;;;;
PROV1288;Thatta;;;;;;;;;;;;;;;;;;x;;;;;;;;;;;;;;;;;;;;;
PROV1289;Shikarpur;;;;;;;;;;;;;;;;;;x;;;;;;;;;;;;;;;;;;;;;
PROV1314;Utakamantalam;;;;;;;;;;;;;;;;;;x;;;;;;;;;;;;;;;;;;;;;
PROV1318;Alappuzha;;;;;;;;;;;;;;;;;;x;;; ;;;;;;;;;;;;;;;;;;
PROV1319;Thiruvananthapuram;;;;;;;;;;;;;;;;;;x;;;;;;;;;;;;;;;;;;;;;
PROV1317;Kozhikode;;;;;;;;;;;;;;;;;;x;;; ;;;;;;;;;;;;;;;;;;
PROV1308;Anantapur;;;;;;;;;;;;;;;;;;x;;; ;;;;;;;;;;;;;;;;;;
PROV1306;Bezawada;;;;;;;;;;;;;;;;;;x;;; ;;;;;;;;;;;;;;;;;;
PROV1285;Karimnagar;;;;;;;;;;;;;;;;;;x;;;  ;;;;;;;;;;;;;;;;;;
PROV1297;Raigad;;;;;;;;;;;;;;;;;;x;;;  ;;;;;;;;;;;;;;;;;;
PROV2566;Aizawl;;;;;;;;;;;;;;;;;;x;;; ;;;;;;;;;;;;;;;;;;
PROV1339;Monywa;;;;;;;;;;;;;;;;;;x;;;  ;;;;;;;;;;;;;;;;;;
PROV1227;Lahur;;;;;;;;;;;;;;;;;;x;;;  ;;;;;;;;;;;;;;;;;;
PROV385;Ljouwert;;;;;;;;;x;;;;;;;;;;;;;;;;;;;;;;;;;;;;;;
PROV540;Varel;;;;;;;;;x;;;;;;;;;;;;;;;;;;;;;;;;;;;;;;
PROV383;Grins;;;;;;;;;x;;;;;;;;;;;;;;;;;;;;;;;;;;;;;;
PROV432;Vesanson;;;;;;;;;x;;;;;;;;;;;;;;;;;;;;;;;;;;;;;;
PROV758;Lecce;;;;;;;;;x;;;;;;;;;;;;;;;;;;;;;;;;;;;;;;
PROV760;Paola;;;;;;;;;x;;;;;;;;;;;;;;;;;;;;;;;;;;;;;;
PROV764;Siracusa;;;;;;;;;x;;;;;;;;;;;;;;;;;;;;;;;;;;;;;;
PROV752;Ascoli Piceno;;;;;;;;;x;;;;;;;;;;;;;;;;;;;;;;;;;;;;;;
PROV594;Argovia;;;;;;;;;x;;;;;;;;;;;;;;;;;;;;;;;;;;;;;;
PROV2568;Bellinzona;;;;;;;;;x;;;;;;;;;;;;;;;;;;;;;;;;;;;;;;
PROV1025;Tambov;;;;;;;;;;;;;;;;;;x;;;;;;;;;;;;;;;;;;;;;
PROV1027;Ursën;;;;;;;;;;;;;;;;;;x;;;;;;;;;;;;;;;;;;;;;
PROV1028;Ärdä;;;;;;;;;;;;;;;;;;x;;;;;;;;;;;;;;;;;;;;;
PROV1042;Efe;;;;;;;;;;;;;;;;;;x;;;;;;;;;;;;;;;;;;;;;
PROV1044;Druzba;;;;;;;;;;;;;;;;;;x;;;;;;;;;;;;;;;;;;;;;
PROV1082;Atirau;;;;;;;;;;;;;;;;;;x;;;;;;;;;;;;;;;;;;;;;
PROV1182;Saraychyq;;;;;;;;;;;;;;;;;;x;;;;;;;;;;;;;;;;;;;;;
PROV1036;Astarxan;;;;;;;;;;;;;;;;;;x;;;;;;;;;;;;;;;;;;;;;
PROV1039;Burdon;;;;;;;;;;;;;;;;;;x;;;;;;;;;;;;;;;;;;;;;
PROV1040;Saxin;;;;;;;;;;;;;;;;;;x;;;;;;;;;;;;;;;;;;;;;
PROV1041;Bækšima;;;;;;;;;;;;;;;;;;x;;;;;;;;;;;;;;;;;;;;;
PROV1045;Meskeçi;;;;;;;;;;;;;;;;;;x;;;;;;;;;;;;;;;;;;;;;
PROV2610;Isan;;;;;;;;;;;;;;;;;;x;;;;;;;;;;;;;;;;;;;;;
PROV1046;Sarkæl;;;;;;;;;;;;;;;;;;x;;;;;;;;;;;;;;;;;;;;;
PROV1038;Janaozen;;;;;;;;;;;;;;;;;;x;;;;;;;;;;;;;;;;;;;;;
PROV1037;Uvek;;;;;;;;;;;;;;;;;;x;;;;;;;;;;;;;;;;;;;;;
PROV1035;Cinghyley;;;;;;;;;;;;;;;;;;x;;;;;;;;;;;;;;;;;;;;;
PROV1032;Çistay;;;;;;;;;;;;;;;;;;x;;;;;;;;;;;;;;;;;;;;;
PROV1033;Išlë;;;;;;;;;;;;;;;;;;x;;;;;;;;;;;;;;;;;;;;;
PROV1034;Samar;;;;;;;;;;;;;;;;;;x;;;;;;;;;;;;;;;;;;;;;
PROV1060;Orsk;;;;;;;;;;;;;;;;;;x;;;;;;;;;;;;;;;;;;;;;
PROV1059;Iset;;;;;;;;;;;;;;;;;;x;;;;;;;;;;;;;;;;;;;;;
PROV1029;Glazkar;;;;;;;;;;;;;;;;;;x;;;;;;;;;;;;;;;;;;;;;
PROV1031;Kolin;;;;;;;;;;;;;;;;;;x;;;;;;;;;;;;;;;;;;;;;
PROV1057;Qyzlar;;;;;;;;;;;;;;;;;;x;;;; ;;;;;;;;;;;;;;;;;
PROV1058;Miass;;;;;;;;;;;;;;;;;;x;;;; ;;;;;;;;;;;;;;;;;
PROV1021;Bortaslar;;;;;;;;;;;;;;;;;;x;;;; ;;;;;;;;;;;;;;;;;
PROV1020;Nijgar;;;;;;;;;;;;;;;;;;x;;;; ;;;;;;;;;;;;;;;;;
PROV2685;Neromkarr;;;;;;;;;;;;;;;;;;x;;;;;;;;;;;;;;;;;;;;;
PROV2614;Isker;;;;;;;;;;;;;;;;;;x;;;;;;;;;;;;;;;;;;;;;
PROV2658;Ishem;;;;;;;;;;;;;;;;;;x;;;;;;;;;;;;;;;;;;;;;
PROV1091;Tskhinval;;;;;;;;;;;;;;;;;;x;;;;;;;;;;;;;;;;;;;;;
PROV1061;Çinki-Tura;;;;;;;;;;;;;;;;;;x;;;;;;;;;;;;;;;;;;;;;
PROV1066;Qashliq;;;;;;;;;;;;;;;;;;x;;;;;;;;;;;;;;;;;;;;;
PROV1064;Tura-Irtesh;;;;;;;;;;;;;;;;;;x;;;;;;;;;;;;;;;;;;;;;
PROV451;Liyon;;;;;;;;;;;;;;;;;;x;;;;;;;;;;;;;;;;;;;;;
PROV452;Sant-Etiève;;;;;;;;;;;;;;;;;;x;;;;;;;;;;;;;;;;;;;;;
PROV453;Valença;;;;;;;;;;;;;;;;;;x;;;;;;;;;;;;;;;;;;;;;
PROV454;Grainóvol;;;;;;;;;;;;;;;;;;x;;;;;;;;;;;;;;;;;;;;;
PROV1247;Patliputra;;;;;;;;;;;;;;;;;;x;;;;;;;;;;;;;;;;;;;;;
PROV825;Kavala;;;;;;;;;;;;;;;;;;;;;;;;;;;;;;;;;;;;;;;
PROV922;Rafha;;;;;;;;;;;;;;;;;;x;;;;;;;;;;;;;;;;;;;;;
PROV911;Sakaka;;;;;;;;;;;;;;;;;;x;;;;;;;;;;;;;;;;;;;;;
PROV664;Bukurešt;;;;;;;;;;;;;;;;;;x;;;;;;;;;;;;;;;;;;;;;
PROV665;Živograd;;;;;;;;;;;;;;;;;;x;;;;;;;;;;;;;;;;;;;;;
PROV666;Krajova;;;;;;;;;;;;;;;;;;x;;;;;;;;;;;;;;;;;;;;;
PROV667;Trgovište;;;;;;;;;;;;;;;;;;x;;;;;;;;;;;;;;;;;;;;;
PROV668;Brajlovo;;;;;;;;;;;;;;;;;;x;;;;;;;;;;;;;;;;;;;;;
PROV669;Kalaraš;;;;;;;;;;;;;;;;;;x;;;;;;;;;;;;;;;;;;;;;
PROV673;Galac;;;;;;;;;;;;;;;;;;x;;;;;;;;;;;;;;;;;;;;;
PROV1493;Quang Chau;;;;;;;;;;;;;;;;;;x;;;;;;;;;;;;;;;;;;;;;
PROV1494;Chaozhou;;;;;;;;;;;;;;;;;;x;;;;;;;;;;;;;;;;;;;;;
PROV1495;Cao Chau;;;;;;;;;;;;;;;;;;x;;;;;;;;;;;;;;;;;;;;;
PROV1496;Daxishab;;;;;;;;;;;;;;;;;;x;;;;;;;;;;;;;;;;;;;;;
PROV1497;Hue Chau;;;;;;;;;;;;;;;;;;x;;;;;;;;;;;;;;;;;;;;;
PROV1498;Huong Son;;;;;;;;;;;;;;;;;;x;;;;;;;;;;;;;;;;;;;;;
PROV1499;Hai Nam;;;;;;;;;;;;;;;;;;x;;;;;;;;;;;;;;;;;;;;;
PROV1500;Shaochau;;;;;;;;;;;;;;;;;;x;;;;;;;;;;;;;;;;;;;;;
PROV1501;Loi Chau;;;;;;;;;;;;;;;;;;x;;;;;;;;;;;;;;;;;;;;;
PROV1502;Nan Ninh;;;;;;;;;;;;;;;;;;x;;;;;;;;;;;;;;;;;;;;;
PROV1503;Que Lâm;;;;;;;;;;;;;;;;;;x;;;;;;;;;;;;;;;;;;;;;
PROV1504;Binh Lac;;;;;;;;;;;;;;;;;;x;;;;;;;;;;;;;;;;;;;;;
PROV1527;Hành Chau;;;;;;;;;;;;;;;;;;x;;;;;;;;;;;;;;;;;;;;;
PROV1530;Vinh Chau;;;;;;;;;;;;;;;;;;x;;;;;;;;;;;;;;;;;;;;;
PROV1601;Côn Minh;;;;;;;;;;;;;;;;;;x;;;;;;;;;;;;;;;;;;;;;
PROV1620;Kanggye;;;;;;;;;;;;;;;;;;x;;;;;;;;;;;;;;;;;;;;;
PROV1631;Jecheon;;;;;;;;;;;;;;;;;;x;;;;;;;;;;;;;;;;;;;;;
PROV2632;Tram Giang;;;;;;;;;;;;;;;;;;x;;;;;;;;;;;;;;;;;;;;;
north_america;North América;;;;;;;;;;;;;;;;;;x;;;;;;;;;;;;;;;;;;;;;
south_america;Himilconis;;;;;;;;;;;;;;;;;;x;;;;;;;;;;;;;;;;;;;;;
;;;;;;;;;;;;;;;;;;;;;;;;;;;;;;;;;;;;;;;;
PROV2436;Sarbadore da Praja;;;;;;;;;;;;;;;;;;;;;;;;;;;;;;;;;;;;;;;
PROV2439;Puarto Seguru;;;;;;;;;;;;;;;;;;;;;;;;;;;;;;;;;;;;;;;
PROV2442;Tumoele;;;;;;;;;;;;;;;;;;;;;;;;;;;;;;;;;;;;;;;
PROV2447;Irriu de Bennarzu;;;;;;;;;;;;;;;;;;;;;;;;;;;;;;;;;;;;;;;
PROV2451;Santu Maurìtziu ;;;;;;;;;;;;;;;;;;;;;;;;;;;;;;;;;;;;;;;
PROV2450;Sant'Austinu;;;;;;;;;;;;;;;;;;;;;;;;;;;;;;;;;;;;;;;
PROV2446;Santu Jubanne;;;;;;;;;;;;;;;;;;;;;;;;;;;;;;;;;;;;;;;
PROV2448;Noa Uttica;;;;;;;;;;;;;;;;;;;;;;;;;;;;;;;;;;;;;;;
PROV2130;Ascesa;;;;;;;;;;;;;;;;;;;;;;;;;;;;;;;;;;;;;;;
PROV2306;Arròele in Pianura;;;;;;;;;;;;;;;;;;;;;;;;;;;;;;;;;;;;;;;
PROV2344;Monteobìo;;;;;;;;;;;;;;;;;;;;;;;;;;;;;;;;;;;;;;;
PROV2339;Assùnta;;;;;;;;;;;;;;;;;;;;;;;;;;;;;;;;;;;;;;;
PROV2340;Culùnna;;;;;;;;;;;;;;;;;;;;;;;;;;;;;;;;;;;;;;;
PROV2341;Incarnazziunni;;;;;;;;;;;;;;;;;;;;;;;;;;;;;;;;;;;;;;;
PROV2342;Santu Pietru;;;;;;;;;;;;;;;;;;;;;;;;;;;;;;;;;;;;;;;
PROV2455;Sant'Epennetu;;;;;;;;;;;;;;;;;;;;;;;;;;;;;;;;;;;;;;;
PROV2345;Noa Reggiu;;;;;;;;;;;;;;;;;;;;;;;;;;;;;;;;;;;;;;;
PROV2443;Noa Lambèzzia;;;;;;;;;;;;;;;;;;;;;;;;;;;;;;;;;;;;;;;
PROV2449;Noa Adrumènza;;;;;;;;;;;;;;;;;;;;;;;;;;;;;;;;;;;;;;;
PROV2463;Puarto Diciòsu;;;;;;;;;;;;;;;;;;;;;;;;;;;;;;;;;;;;;;;
PROV2462;Santu Mighele;;;;;;;;;;;;;;;;;;;;;;;;;;;;;;;;;;;;;;;
PROV2465;Passo Fondo;;;;;;;;;;;;;;;;;;;;;;;;;;;;;;;;;;;;;;;
PROV2464;Zattera;;;;;;;;;;;;;;;;;;;;;;;;;;;;;;;;;;;;;;;
PROV2347;Mela;;;;;;;;;;;;;;;;;;;;;;;;;;;;;;;;;;;;;;;
;;;;;;;;;;;;;;;;;;;;;;;;;;;;;;;;;;;;;;;;
PROV771;Zagabria;;;;;;;;;;;;;;;;;;;;;;;;;;;;;;;;;;;;;;;
PROV767;Madreburgo;;;;;;;;;;;;;;;;;;;;;;;;;;;;;;;;;;;;;;;
PROV618;Clanforte;;;;;;;;;;;;;;;;;;;;;;;;;;;;;;;;;;;;;;;
